step,seen_samples,sample_idx,dataset_name,dataset_type,model_variant,seed,metric_accuracy,metric_kappa,student_error_rate,teacher_entropy,divergence_js,drift_flag,monitor_severity,drift_severity_raw,drift_severity,regime,alpha,lr,lambda_u,tau,timestamp,supervised_loss,unsupervised_loss
1,256,255,Electricity,uspds_csv,ts_drift_adapt_severity_s1p0,2,0.453125,-0.02312303739651727,0.5833333333333334,0.672386646270752,0.004865522496402264,0,0.0,0.0,0.0,mild_drift,0.980075,0.000575,0.6299999999999999,0.8775,1764759391.59981,0.7118697762489319,0.01951148733496666
2,512,511,Electricity,uspds_csv,ts_drift_adapt_severity_s1p0,2,0.48046875,-0.010446343779677113,0.5833333333333334,0.6747870445251465,0.0054010627791285515,0,0.0,0.0,0.0,mild_drift,0.9726125,0.0006125,0.595,0.86625,1764759391.6083663,0.7876165509223938,0.021511834114789963
3,768,767,Electricity,uspds_csv,ts_drift_adapt_severity_s1p0,2,0.4895833333333333,-0.016923045742891454,0.3333333333333333,0.6747947335243225,0.008741481229662895,0,0.0,0.0,0.0,mild_drift,0.9688812499999999,0.0006312500000000001,0.5774999999999999,0.860625,1764759391.616251,0.6553400754928589,0.03504812344908714
4,1024,1023,Electricity,uspds_csv,ts_drift_adapt_severity_s1p0,2,0.50390625,0.008629364232352492,0.5833333333333334,0.6778698563575745,0.011828775517642498,0,0.0,0.0,0.0,mild_drift,0.9670156249999999,0.0006406250000000001,0.5687499999999999,0.8578125,1764759391.62449,0.7194668650627136,0.04780568927526474
5,1280,1279,Electricity,uspds_csv,ts_drift_adapt_severity_s1p0,2,0.53203125,0.04986616436998112,0.5,0.6781977415084839,0.013603288680315018,0,0.0,0.0,0.0,mild_drift,0.9660828124999999,0.0006453125,0.5643749999999998,0.85640625,1764759391.633486,0.7203521132469177,0.05526306852698326
6,1536,1535,Electricity,uspds_csv,ts_drift_adapt_severity_s1p0,2,0.5501302083333334,0.06253113484523551,0.16666666666666666,0.6759800910949707,0.01276807114481926,0,0.0,0.0,0.0,mild_drift,0.9656164062499999,0.00064765625,0.5621874999999998,0.855703125,1764759391.6420782,0.6072706580162048,0.051726724952459335
7,1792,1791,Electricity,uspds_csv,ts_drift_adapt_severity_s1p0,2,0.5530133928571429,0.05744161673894276,0.4166666666666667,0.6800978779792786,0.017325108870863914,0,0.0,0.0,0.0,mild_drift,0.9653832031249999,0.0006488281250000001,0.56109375,0.8553515625,1764759391.6509855,0.7108683586120605,0.07119893282651901
8,2048,2047,Electricity,uspds_csv,ts_drift_adapt_severity_s1p0,2,0.568359375,0.06908325037639142,0.3333333333333333,0.6805195808410645,0.020769033581018448,0,0.0,0.0,0.0,mild_drift,0.9652666015625,0.0006494140625,0.560546875,0.85517578125,1764759391.660155,0.566667377948761,0.08625903725624084
9,2304,2303,Electricity,uspds_csv,ts_drift_adapt_severity_s1p0,2,0.5672743055555556,0.055841719592856255,0.4166666666666667,0.6816623210906982,0.0219504926353693,0,0.0,0.0,0.0,mild_drift,0.96520830078125,0.00064970703125,0.5602734375,0.855087890625,1764759391.6691666,0.6821362376213074,0.09114876389503479
10,2560,2559,Electricity,uspds_csv,ts_drift_adapt_severity_s1p0,2,0.56484375,0.0454104831324075,0.4166666666666667,0.6790105104446411,0.01895046979188919,0,0.0,0.0,0.0,mild_drift,0.965179150390625,0.0006498535156250001,0.5601367187499999,0.8550439453125,1764759391.6782756,0.7274814248085022,0.07806754112243652
11,2816,2815,Electricity,uspds_csv,ts_drift_adapt_severity_s1p0,2,0.5621448863636364,0.040166659847825505,0.5,0.6814864277839661,0.014631458558142185,0,0.0,0.0,0.0,mild_drift,0.9651645751953124,0.0006499267578125001,0.560068359375,0.85502197265625,1764759391.6877744,0.7825002670288086,0.05988623946905136
12,3072,3071,Electricity,uspds_csv,ts_drift_adapt_severity_s1p0,2,0.5706380208333334,0.048469272735470574,0.4166666666666667,0.6828380227088928,0.01133858971297741,0,0.0,0.0,0.0,mild_drift,0.9651572875976562,0.0006499633789062501,0.5600341796874999,0.855010986328125,1764759391.6972644,0.6289106607437134,0.04651084914803505
13,3328,3327,Electricity,uspds_csv,ts_drift_adapt_severity_s1p0,2,0.5703125,0.04218882266493461,0.5,0.6830692887306213,0.010382626205682755,0,0.0,0.0,0.0,mild_drift,0.9651536437988281,0.000649981689453125,0.56001708984375,0.8550054931640625,1764759391.7065272,0.749697208404541,0.04248873516917229
14,3584,3583,Electricity,uspds_csv,ts_drift_adapt_severity_s1p0,2,0.5717075892857143,0.04740862537911868,0.25,0.6833056807518005,0.007128663826733828,0,0.0,0.0,0.0,mild_drift,0.965151821899414,0.0006499908447265626,0.560008544921875,0.8550027465820312,1764759391.7162275,0.6112058162689209,0.028897525742650032
15,3840,3839,Electricity,uspds_csv,ts_drift_adapt_severity_s1p0,2,0.5768229166666666,0.044381730293895534,0.4166666666666667,0.6829503774642944,0.00604987982660532,0,0.0,0.0,0.0,mild_drift,0.965150910949707,0.0006499954223632813,0.5600042724609375,0.8550013732910156,1764759391.7254343,0.7563412189483643,0.024415859952569008
16,4096,4095,Electricity,uspds_csv,ts_drift_adapt_severity_s1p0,2,0.573974609375,0.03857576983669218,0.5,0.6826004385948181,0.004767555743455887,0,0.0,0.0,0.0,mild_drift,0.9651504554748535,0.0006499977111816407,0.5600021362304688,0.8550006866455078,1764759391.7345362,0.6860337853431702,0.019196541979908943
17,4352,4351,Electricity,uspds_csv,ts_drift_adapt_severity_s1p0,2,0.5749080882352942,0.030451799923748288,0.5,0.682025671005249,0.0035891220904886723,0,0.0,0.0,0.0,mild_drift,0.9651502277374266,0.0006499988555908204,0.5600010681152343,0.8550003433227539,1764759391.7435157,0.6713526248931885,0.014397284016013145
18,4608,4607,Electricity,uspds_csv,ts_drift_adapt_severity_s1p0,2,0.5733506944444444,0.03951145038167928,0.5833333333333334,0.6843541860580444,0.0028399110306054354,0,0.0,0.0,0.0,mild_drift,0.9651501138687133,0.0006499994277954103,0.5600005340576171,0.8550001716613769,1764759391.7526288,0.7372198700904846,0.011384978890419006
19,4864,4863,Electricity,uspds_csv,ts_drift_adapt_severity_s1p0,2,0.5678453947368421,0.031083043028320625,0.5,0.6826781034469604,0.0038625686429440975,0,0.0,0.0,0.0,mild_drift,0.9651500569343566,0.0006499997138977051,0.5600002670288085,0.8550000858306884,1764759391.762257,0.718292236328125,0.015468740835785866
20,5120,5119,Electricity,uspds_csv,ts_drift_adapt_severity_s1p0,2,0.566796875,0.033284640713159605,0.5,0.6822675466537476,0.0031731617636978626,0,0.0,0.0,0.0,mild_drift,0.9651500284671783,0.0006499998569488527,0.5600001335144043,0.8550000429153441,1764759391.7719297,0.7104974389076233,0.012729478068649769
21,5376,5375,Electricity,uspds_csv,ts_drift_adapt_severity_s1p0,2,0.5695684523809523,0.04576616911759284,0.16666666666666666,0.6811240911483765,0.003942236769944429,0,0.0,0.0,0.0,stable,0.9800750142335892,0.0005249999284744263,0.6300000667572021,0.9000000214576721,1764759391.7811484,0.6390294432640076,0.015756895765662193
22,5632,5631,Electricity,uspds_csv,ts_drift_adapt_severity_s1p0,2,0.5662286931818182,0.04093798784409966,0.3333333333333333,0.6840324997901917,0.0032536766957491636,0,0.0,0.0,0.0,stable,0.9875375071167947,0.0004624999642372132,0.665000033378601,0.9225000107288361,1764759391.790427,0.6893406510353088,0.013034817762672901
23,5888,5887,Electricity,uspds_csv,ts_drift_adapt_severity_s1p0,2,0.565047554347826,0.04385110342373434,0.4166666666666667,0.6836135387420654,0.0033738475758582354,0,0.0,0.0,0.0,stable,0.9912687535583973,0.0004312499821186066,0.6825000166893005,0.9337500053644181,1764759391.799568,0.6985802054405212,0.013509419746696949
24,6144,6143,Electricity,uspds_csv,ts_drift_adapt_severity_s1p0,2,0.5651041666666666,0.050068140072287624,0.5,0.6821560263633728,0.0032893107272684574,0,0.0,0.0,0.0,stable,0.9931343767791987,0.00041562499105930327,0.6912500083446502,0.9393750026822091,1764759391.8086395,0.6689258217811584,0.013155552558600903
25,6400,6399,Electricity,uspds_csv,ts_drift_adapt_severity_s1p0,2,0.5659375,0.05361012880743442,0.4166666666666667,0.6806409358978271,0.0034246884752064943,1,0.0,0.0,0.0,stable,0.9940671883895993,0.0004078124955296516,0.6956250041723251,0.9421875013411045,1764759391.817915,0.664914608001709,0.01367942150682211
26,6656,6655,Electricity,uspds_csv,ts_drift_adapt_severity_s1p0,2,0.5658052884615384,0.05141318223147389,0.3333333333333333,0.681850254535675,0.002906632609665394,0,0.0,0.0,0.0,mild_drift,0.9796085941947996,0.0005289062477648258,0.6278125020861625,0.8985937506705522,1764759391.8269963,0.7077317237854004,0.011621847748756409
27,6912,6911,Electricity,uspds_csv,ts_drift_adapt_severity_s1p0,2,0.5661168981481481,0.05256940040224378,0.5833333333333334,0.6835648417472839,0.0034098350442945957,0,0.0,0.0,0.0,mild_drift,0.9723792970973998,0.000589453123882413,0.5939062510430813,0.8767968753352762,1764759391.8362381,0.72950679063797,0.013677029870450497
28,7168,7167,Electricity,uspds_csv,ts_drift_adapt_severity_s1p0,2,0.5625,0.04725646661191777,0.5,0.6851938962936401,0.0033124734181910753,0,0.0,0.0,0.0,mild_drift,0.9687646485486998,0.0006197265619412066,0.5769531255215405,0.8658984376676381,1764759391.8455243,0.6739900708198547,0.013327455148100853
29,7424,7423,Electricity,uspds_csv,ts_drift_adapt_severity_s1p0,2,0.5587284482758621,0.04455839596280073,0.3333333333333333,0.682165801525116,0.0031957649625837803,0,0.0,0.0,0.0,mild_drift,0.9669573242743499,0.0006348632809706034,0.5684765627607702,0.8604492188338191,1764759391.8546975,0.6761941313743591,0.012825330719351768
30,7680,7679,Electricity,uspds_csv,ts_drift_adapt_severity_s1p0,2,0.5536458333333333,0.0358955248804272,0.3333333333333333,0.6816021203994751,0.0031919595785439014,0,0.0,0.0,0.0,mild_drift,0.9660536621371749,0.0006424316404853017,0.564238281380385,0.8577246094169095,1764759391.8636062,0.6281875967979431,0.012839129194617271
31,7936,7935,Electricity,uspds_csv,ts_drift_adapt_severity_s1p0,2,0.5530493951612904,0.03644194113479794,0.5,0.6846539974212646,0.0034618075005710125,0,0.0,0.0,0.0,mild_drift,0.9656018310685874,0.0006462158202426508,0.5621191406901924,0.8563623047084548,1764759391.8729565,0.7287590503692627,0.013898535631597042
32,8192,8191,Electricity,uspds_csv,ts_drift_adapt_severity_s1p0,2,0.552001953125,0.03639493223241618,0.25,0.6828173398971558,0.003576544811949134,0,0.0,0.0,0.0,mild_drift,0.9653759155342937,0.0006481079101213255,0.5610595703450962,0.8556811523542274,1764759391.8823984,0.5813285708427429,0.014409471303224564
33,8448,8447,Electricity,uspds_csv,ts_drift_adapt_severity_s1p0,2,0.55078125,0.036667856152572766,0.4166666666666667,0.6838386058807373,0.004137994255870581,0,0.0,0.0,0.0,mild_drift,0.9652629577671468,0.0006490539550606628,0.5605297851725481,0.8553405761771137,1764759391.8918443,0.6991268992424011,0.01669643446803093
34,8704,8703,Electricity,uspds_csv,ts_drift_adapt_severity_s1p0,2,0.5476792279411765,0.030535777354319026,0.5,0.6820535063743591,0.0038731226231902838,0,0.0,0.0,0.0,mild_drift,0.9652064788835734,0.0006495269775303315,0.5602648925862741,0.8551702880885568,1764759391.9009664,0.6849696040153503,0.015672365203499794
35,8960,8959,Electricity,uspds_csv,ts_drift_adapt_severity_s1p0,2,0.546875,0.031184133552221847,0.5833333333333334,0.684280276298523,0.003159821266308427,0,0.0,0.0,0.0,mild_drift,0.9651782394417867,0.0006497634887651657,0.560132446293137,0.8550851440442784,1764759391.9103613,0.7383346557617188,0.012729624286293983
36,9216,9215,Electricity,uspds_csv,ts_drift_adapt_severity_s1p0,2,0.5463324652777778,0.030489338478949995,0.3333333333333333,0.6832061409950256,0.0031550985295325518,0,0.0,0.0,0.0,mild_drift,0.9651641197208933,0.0006498817443825829,0.5600662231465685,0.8550425720221392,1764759391.9196978,0.6120968461036682,0.012704548425972462
37,9472,9471,Electricity,uspds_csv,ts_drift_adapt_severity_s1p0,2,0.547191722972973,0.031371101239289094,0.3333333333333333,0.6826580762863159,0.0029480198863893747,0,0.0,0.0,0.0,mild_drift,0.9651570598604466,0.0006499408721912915,0.5600331115732842,0.8550212860110695,1764759391.9289849,0.6436067223548889,0.011846785433590412
38,9728,9727,Electricity,uspds_csv,ts_drift_adapt_severity_s1p0,2,0.5457442434210527,0.030626742144289665,0.4166666666666667,0.6804723143577576,0.0030814504716545343,0,0.0,0.0,0.0,mild_drift,0.9651535299302233,0.0006499704360956459,0.5600165557866421,0.8550106430055348,1764759391.9382222,0.7100629806518555,0.012406370602548122
39,9984,9983,Electricity,uspds_csv,ts_drift_adapt_severity_s1p0,2,0.5444711538461539,0.029837488621101305,0.5833333333333334,0.6816700100898743,0.003165928181260824,0,0.0,0.0,0.0,mild_drift,0.9651517649651116,0.0006499852180478229,0.5600082778933211,0.8550053215027673,1764759391.9478571,0.747265636920929,0.012723716907203197
40,10240,10239,Electricity,uspds_csv,ts_drift_adapt_severity_s1p0,2,0.54609375,0.03768115942028995,0.4166666666666667,0.6843376755714417,0.0030709661077708006,0,0.0,0.0,0.0,mild_drift,0.9651508824825558,0.0006499926090239114,0.5600041389466606,0.8550026607513836,1764759391.9571667,0.693220317363739,0.012346948496997356
41,10496,10495,Electricity,uspds_csv,ts_drift_adapt_severity_s1p0,2,0.5463033536585366,0.040036482566759894,0.08333333333333333,0.6811454892158508,0.002894103992730379,0,0.0,0.0,0.0,mild_drift,0.9651504412412779,0.0006499963045119557,0.5600020694733303,0.8550013303756918,1764759391.9667397,0.5825863480567932,0.011592881754040718
42,10752,10751,Electricity,uspds_csv,ts_drift_adapt_severity_s1p0,2,0.5474330357142857,0.044400940183004244,0.5,0.6820778846740723,0.0030829960014671087,0,0.0,0.0,0.0,mild_drift,0.9651502206206389,0.000649998152255978,0.5600010347366651,0.8550006651878459,1764759391.976335,0.7348225712776184,0.012370400130748749
43,11008,11007,Electricity,uspds_csv,ts_drift_adapt_severity_s1p0,2,0.5446947674418605,0.037885469438251204,0.5833333333333334,0.6827680468559265,0.0036119138821959496,0,0.0,0.0,0.0,mild_drift,0.9651501103103195,0.000649999076127989,0.5600005173683325,0.8550003325939229,1764759391.9855506,0.7459794878959656,0.014499176293611526
44,11264,11263,Electricity,uspds_csv,ts_drift_adapt_severity_s1p0,2,0.5428799715909091,0.034776213434276906,0.5,0.682915985584259,0.004339211154729128,0,0.0,0.0,0.0,mild_drift,0.9651500551551597,0.0006499995380639945,0.5600002586841661,0.8550001662969615,1764759391.9946468,0.6815546154975891,0.0174226313829422
45,11520,11519,Electricity,uspds_csv,ts_drift_adapt_severity_s1p0,2,0.5423611111111111,0.034566782845911644,0.5,0.6834613084793091,0.004433052148669958,0,0.0,0.0,0.0,mild_drift,0.9651500275775798,0.0006499997690319972,0.5600001293420831,0.8550000831484807,1764759392.0039377,0.6928863525390625,0.017847293987870216
46,11776,11775,Electricity,uspds_csv,ts_drift_adapt_severity_s1p0,2,0.5444123641304348,0.044818462979077406,0.25,0.6816940307617188,0.0051963673904538155,0,0.0,0.0,0.0,stable,0.9800750137887899,0.0005249998845159986,0.6300000646710415,0.9000000415742404,1764759392.0130525,0.5885187983512878,0.020825697109103203
47,12032,12031,Electricity,uspds_csv,ts_drift_adapt_severity_s1p0,2,0.5421376329787234,0.04174040605372719,0.3333333333333333,0.6833298206329346,0.005810978822410107,0,0.0,0.0,0.0,stable,0.987537506894395,0.0004624999422579993,0.6650000323355207,0.9225000207871202,1764759392.0223339,0.7086389660835266,0.023342233151197433
48,12288,12287,Electricity,uspds_csv,ts_drift_adapt_severity_s1p0,2,0.5399576822916666,0.03952426462780071,0.5833333333333334,0.6843575239181519,0.0060269394889473915,0,0.0,0.0,0.0,stable,0.9912687534471976,0.0004312499711289997,0.6825000161677603,0.9337500103935601,1764759392.0315819,0.780780553817749,0.024304252117872238
49,12544,12543,Electricity,uspds_csv,ts_drift_adapt_severity_s1p0,2,0.5409757653061225,0.04584709574751171,0.5833333333333334,0.6819698214530945,0.0059064095839858055,0,0.0,0.0,0.0,stable,0.9931343767235987,0.0004156249855644999,0.6912500080838802,0.9393750051967801,1764759392.0406005,0.7645815014839172,0.023805003613233566
50,12800,12799,Electricity,uspds_csv,ts_drift_adapt_severity_s1p0,2,0.540546875,0.0474691312721281,0.3333333333333333,0.683254063129425,0.006130485329777002,1,0.08333333333333337,0.0,0.0,mild_drift,0.9791421883617993,0.00053281249278225,0.62562500404194,0.89718750259839,1764759392.0499253,0.647054135799408,0.02465907298028469
51,13056,13055,Electricity,uspds_csv,ts_drift_adapt_severity_s1p0,2,0.5412071078431373,0.05136238781533321,0.4166666666666667,0.6838135123252869,0.005470949225127697,0,0.0,0.0,0.0,mild_drift,0.9721460941808997,0.000591406246391125,0.59281250202097,0.876093751299195,1764759392.0590527,0.6649914383888245,0.021967517212033272
52,13312,13311,Electricity,uspds_csv,ts_drift_adapt_severity_s1p0,2,0.5422926682692307,0.056774291981966665,0.4166666666666667,0.685106635093689,0.005390521138906479,0,0.0,0.0,0.0,mild_drift,0.9686480470904498,0.0006207031231955625,0.576406251010485,0.8655468756495974,1764759392.0683117,0.6739047169685364,0.021726492792367935
53,13568,13567,Electricity,uspds_csv,ts_drift_adapt_severity_s1p0,2,0.5409787735849056,0.056234468911375325,0.5,0.685322105884552,0.0038123915437608957,0,0.0,0.0,0.0,mild_drift,0.9668990235452248,0.0006353515615977812,0.5682031255052424,0.8602734378247987,1764759392.077079,0.7056818008422852,0.01534274872392416
54,13824,13823,Electricity,uspds_csv,ts_drift_adapt_severity_s1p0,2,0.5397858796296297,0.055240045779908854,0.3333333333333333,0.6849793791770935,0.0031250438187271357,0,0.0,0.0,0.0,mild_drift,0.9660245117726124,0.0006426757807988907,0.5641015627526211,0.8576367189123993,1764759392.0867517,0.6541938185691833,0.012573753483593464
55,14080,14079,Electricity,uspds_csv,ts_drift_adapt_severity_s1p0,2,0.5396306818181819,0.05549819085951897,0.6666666666666666,0.683495044708252,0.0027319882065057755,0,0.0,0.0,0.0,mild_drift,0.9655872558863061,0.0006463378903994454,0.5620507813763105,0.8563183594561996,1764759392.0958116,0.7327768206596375,0.010921051725745201
56,14336,14335,Electricity,uspds_csv,ts_drift_adapt_severity_s1p0,2,0.5393415178571429,0.05494108139360315,0.4166666666666667,0.6850453019142151,0.002584445755928755,0,0.0,0.0,0.0,mild_drift,0.965368627943153,0.0006481689451997227,0.5610253906881553,0.8556591797280998,1764759392.1053364,0.6845300197601318,0.010375377722084522
57,14592,14591,Electricity,uspds_csv,ts_drift_adapt_severity_s1p0,2,0.5411184210526315,0.059529542773151777,0.25,0.6854562163352966,0.0024059689603745937,0,0.0,0.0,0.0,mild_drift,0.9652593139715765,0.0006490844725998614,0.5605126953440775,0.8553295898640498,1764759392.1153855,0.6306783556938171,0.0096374386921525
58,14848,14847,Electricity,uspds_csv,ts_drift_adapt_severity_s1p0,2,0.541082974137931,0.05913562309550896,0.5,0.6842100024223328,0.00223491876386106,0,0.0,0.0,0.0,mild_drift,0.9652046569857882,0.0006495422362999307,0.5602563476720388,0.8551647949320249,1764759392.124854,0.7258772253990173,0.008955561555922031
59,15104,15103,Electricity,uspds_csv,ts_drift_adapt_severity_s1p0,2,0.5417108050847458,0.05988975367934183,0.5833333333333334,0.6843012571334839,0.0026227959897369146,0,0.0,0.0,0.0,mild_drift,0.9651773284928941,0.0006497711181499654,0.5601281738360193,0.8550823974660124,1764759392.1340606,0.7163422107696533,0.010544131509959698
60,15360,15359,Electricity,uspds_csv,ts_drift_adapt_severity_s1p0,2,0.5428385416666667,0.06096901195441015,0.25,0.6856378316879272,0.00275525264441967,0,0.0,0.0,0.0,mild_drift,0.965163664246447,0.0006498855590749827,0.5600640869180096,0.8550411987330062,1764759392.1432607,0.6157813668251038,0.01107017695903778
61,15616,15615,Electricity,uspds_csv,ts_drift_adapt_severity_s1p0,2,0.5432889344262295,0.06064086729190902,0.5,0.6851192712783813,0.0034622051753103733,0,0.0,0.0,0.0,mild_drift,0.9651568321232235,0.0006499427795374913,0.5600320434590047,0.8550205993665031,1764759392.152473,0.6990153193473816,0.013952912762761116
62,15872,15871,Electricity,uspds_csv,ts_drift_adapt_severity_s1p0,2,0.5426537298387096,0.05862718927171998,0.6666666666666666,0.6841344237327576,0.0038700713776052,0,0.0,0.0,0.0,mild_drift,0.9651534160616118,0.0006499713897687458,0.5600160217295023,0.8550102996832516,1764759392.1617327,0.7726917862892151,0.015678441151976585
63,16128,16127,Electricity,uspds_csv,ts_drift_adapt_severity_s1p0,2,0.5447048611111112,0.061420886358351766,0.4166666666666667,0.6825757622718811,0.0038036988116800785,0,0.0,0.0,0.0,mild_drift,0.9651517080308059,0.000649985694884373,0.5600080108647512,0.8550051498416258,1764759392.1711242,0.6943325400352478,0.015380816534161568
64,16384,16383,Electricity,uspds_csv,ts_drift_adapt_severity_s1p0,2,0.5455322265625,0.06155127227509911,0.25,0.6854206323623657,0.004100062884390354,0,0.0,0.0,0.0,mild_drift,0.9651508540154029,0.0006499928474421866,0.5600040054323756,0.8550025749208129,1764759392.1809092,0.6025479435920715,0.016621802002191544
65,16640,16639,Electricity,uspds_csv,ts_drift_adapt_severity_s1p0,2,0.5459735576923077,0.06144769053861961,0.6666666666666666,0.6850107908248901,0.004002776928246021,0,0.0,0.0,0.0,mild_drift,0.9651504270077014,0.0006499964237210933,0.5600020027161878,0.8550012874604065,1764759392.19042,0.7742498517036438,0.016190849244594574
66,16896,16895,Electricity,uspds_csv,ts_drift_adapt_severity_s1p0,2,0.5483546401515151,0.06436962616228341,0.3333333333333333,0.6826151609420776,0.003156686434522271,0,0.0,0.0,0.0,mild_drift,0.9651502135038507,0.0006499982118605466,0.5600010013580938,0.8550006437302032,1764759392.1994681,0.6221059560775757,0.01273826789110899
67,17152,17151,Electricity,uspds_csv,ts_drift_adapt_severity_s1p0,2,0.550722947761194,0.06712647655278994,0.08333333333333333,0.6829701662063599,0.0036395411007106304,0,0.0,0.0,0.0,mild_drift,0.9651501067519253,0.0006499991059302733,0.5600005006790469,0.8550003218651017,1764759392.2088542,0.5216460824012756,0.014790049754083157
68,17408,17407,Electricity,uspds_csv,ts_drift_adapt_severity_s1p0,2,0.5526769301470589,0.06888332486310565,0.08333333333333333,0.6820559501647949,0.003092946019023657,0,0.0,0.0,0.0,mild_drift,0.9651500533759626,0.0006499995529651366,0.5600002503395234,0.8550001609325508,1764759392.2180393,0.5434913635253906,0.012533051893115044
69,17664,17663,Electricity,uspds_csv,ts_drift_adapt_severity_s1p0,2,0.5516870471014492,0.0668412070268033,0.6666666666666666,0.6849475502967834,0.0045103649608790874,0,0.0,0.0,0.0,mild_drift,0.9651500266879813,0.0006499997764825684,0.5600001251697617,0.8550000804662754,1764759392.2276845,0.7389437556266785,0.018299121409654617
70,17920,17919,Electricity,uspds_csv,ts_drift_adapt_severity_s1p0,2,0.5517299107142857,0.06606709367704264,0.5833333333333334,0.6829133033752441,0.0041583143174648285,0,0.0,0.0,0.0,mild_drift,0.9651500133439906,0.0006499998882412842,0.5600000625848809,0.8550000402331377,1764759392.237428,0.7613775134086609,0.016878074035048485
71,18176,18175,Electricity,uspds_csv,ts_drift_adapt_severity_s1p0,2,0.5527618838028169,0.06687438283790628,0.4166666666666667,0.6817968487739563,0.00404682382941246,0,0.0,0.0,0.0,stable,0.9800750066719953,0.0005249999441206421,0.6300000312924404,0.9000000201165689,1764759392.247018,0.664807915687561,0.01648820750415325
72,18432,18431,Electricity,uspds_csv,ts_drift_adapt_severity_s1p0,2,0.5541449652777778,0.06776410501968506,0.5,0.6792998909950256,0.0034632233437150717,0,0.0,0.0,0.0,stable,0.9875375033359977,0.000462499972060321,0.6650000156462201,0.9225000100582845,1764759392.256515,0.7337371706962585,0.014086090959608555
73,18688,18687,Electricity,uspds_csv,ts_drift_adapt_severity_s1p0,2,0.5561322773972602,0.0697056988490792,0.5833333333333334,0.6825567483901978,0.0034306019078940153,0,0.0,0.0,0.0,stable,0.9912687516679988,0.0004312499860301605,0.68250000782311,0.9337500050291423,1764759392.265488,0.716609537601471,0.013891885988414288
74,18944,18943,Electricity,uspds_csv,ts_drift_adapt_severity_s1p0,2,0.5567989864864865,0.07000064598464875,0.5833333333333334,0.6813086867332458,0.0029412813019007444,0,0.0,0.0,0.0,stable,0.9931343758339994,0.0004156249930150803,0.691250003911555,0.9393750025145712,1764759392.2747078,0.7297389507293701,0.011891264468431473
75,19200,19199,Electricity,uspds_csv,ts_drift_adapt_severity_s1p0,2,0.5558333333333333,0.06841005237496618,0.4166666666666667,0.6793926954269409,0.0027605968061834574,1,0.08333333333333337,0.0,0.0,mild_drift,0.9791421879169997,0.0005328124965075402,0.6256250019557774,0.8971875012572856,1764759392.2842202,0.6755034327507019,0.011170423589646816
76,19456,19455,Electricity,uspds_csv,ts_drift_adapt_severity_s1p0,2,0.5566920230263158,0.0690705824107197,0.25,0.6786003112792969,0.0023172071669250727,0,0.0,0.0,0.0,mild_drift,0.9721460939584998,0.0005914062482537701,0.5928125009778886,0.8760937506286428,1764759392.2937057,0.6356073617935181,0.009376165457069874
77,19712,19711,Electricity,uspds_csv,ts_drift_adapt_severity_s1p0,2,0.5581879058441559,0.07257933763316621,0.25,0.6821520328521729,0.002143592108041048,0,0.0,0.0,0.0,mild_drift,0.9686480469792499,0.0006207031241268851,0.5764062504889442,0.8655468753143214,1764759392.3034391,0.5829665660858154,0.008598304353654385
78,19968,19967,Electricity,uspds_csv,ts_drift_adapt_severity_s1p0,2,0.5578926282051282,0.073270496804704,0.4166666666666667,0.6818627119064331,0.0022583925165235996,0,0.0,0.0,0.0,mild_drift,0.9668990234896249,0.0006353515620634426,0.5682031252444721,0.8602734376571607,1764759392.313417,0.6682668328285217,0.009041722863912582
79,20224,20223,Electricity,uspds_csv,ts_drift_adapt_severity_s1p0,2,0.5585443037974683,0.07596408625633681,0.4166666666666667,0.6791697144508362,0.0025291345082223415,0,0.0,0.0,0.0,mild_drift,0.9660245117448124,0.0006426757810317214,0.5641015626222361,0.8576367188285803,1764759392.3231232,0.6887179017066956,0.01011600624769926
80,20480,20479,Electricity,uspds_csv,ts_drift_adapt_severity_s1p0,2,0.55966796875,0.0772958859953178,0.3333333333333333,0.6800979971885681,0.002965714782476425,0,0.0,0.0,0.0,mild_drift,0.9655872558724061,0.0006463378905158608,0.562050781311118,0.8563183594142901,1764759392.3326309,0.653546929359436,0.011846685782074928
81,20736,20735,Electricity,uspds_csv,ts_drift_adapt_severity_s1p0,2,0.5607638888888888,0.08017509643883544,0.5833333333333334,0.6822370886802673,0.0031007551588118076,0,0.0,0.0,0.0,mild_drift,0.965368627936203,0.0006481689452579305,0.5610253906555589,0.8556591797071451,1764759392.3421779,0.6720986366271973,0.012420186772942543
82,20992,20991,Electricity,uspds_csv,ts_drift_adapt_severity_s1p0,2,0.5610232469512195,0.08133098151061666,0.6666666666666666,0.682053804397583,0.003447324503213167,0,0.0,0.0,0.0,mild_drift,0.9652593139681015,0.0006490844726289653,0.5605126953277795,0.8553295898535725,1764759392.3516998,0.7713447213172913,0.01386412512511015
83,21248,21247,Electricity,uspds_csv,ts_drift_adapt_severity_s1p0,2,0.5603350903614458,0.07913839090493947,0.6666666666666666,0.6813890933990479,0.003252550261095166,0,0.0,0.0,0.0,mild_drift,0.9652046569840507,0.0006495422363144827,0.5602563476638898,0.8551647949267862,1764759392.3612907,0.7356685996055603,0.01307632401585579
84,21504,21503,Electricity,uspds_csv,ts_drift_adapt_severity_s1p0,2,0.5603143601190477,0.07770272458669938,0.75,0.6818079948425293,0.0024456533137708902,0,0.0,0.0,0.0,mild_drift,0.9651773284920253,0.0006497711181572413,0.5601281738319448,0.8550823974633931,1764759392.371062,0.7631447911262512,0.009781768545508385
85,21760,21759,Electricity,uspds_csv,ts_drift_adapt_severity_s1p0,2,0.5603860294117647,0.07775096243353757,0.5,0.6826545596122742,0.002746694488450885,0,0.0,0.0,0.0,mild_drift,0.9651636642460126,0.0006498855590786206,0.5600640869159723,0.8550411987316966,1764759392.3809817,0.7196857929229736,0.010995951481163502
86,22016,22015,Electricity,uspds_csv,ts_drift_adapt_severity_s1p0,2,0.561500726744186,0.07896956999965059,0.3333333333333333,0.6835589408874512,0.0022173328325152397,0,0.0,0.0,0.0,mild_drift,0.9651568321230063,0.0006499427795393104,0.5600320434579862,0.8550205993658483,1764759392.39107,0.6489892601966858,0.008887623436748981
87,22272,22271,Electricity,uspds_csv,ts_drift_adapt_severity_s1p0,2,0.5624102011494253,0.08062336169670618,0.4166666666666667,0.6834046840667725,0.002016746439039707,0,0.0,0.0,0.0,mild_drift,0.9651534160615032,0.0006499713897696552,0.5600160217289931,0.8550102996829241,1764759392.400696,0.6829525828361511,0.008107217028737068
88,22528,22527,Electricity,uspds_csv,ts_drift_adapt_severity_s1p0,2,0.5633433948863636,0.08163201672868385,0.4166666666666667,0.6792300939559937,0.002550756325945258,0,0.0,0.0,0.0,mild_drift,0.9651517080307516,0.0006499856948848277,0.5600080108644965,0.855005149841462,1764759392.4104383,0.6486786603927612,0.010317724198102951
89,22784,22783,Electricity,uspds_csv,ts_drift_adapt_severity_s1p0,2,0.5639922752808989,0.08200956224897415,0.5,0.6814905405044556,0.0025066507514566183,0,0.0,0.0,0.0,mild_drift,0.9651508540153757,0.0006499928474424138,0.5600040054322482,0.8550025749207311,1764759392.4203746,0.6526386141777039,0.010157875716686249
90,23040,23039,Electricity,uspds_csv,ts_drift_adapt_severity_s1p0,2,0.5638020833333334,0.08165858601947053,0.6666666666666666,0.6830237507820129,0.003464004024863243,0,0.0,0.0,0.0,mild_drift,0.9651504270076878,0.0006499964237212069,0.5600020027161241,0.8550012874603655,1764759392.43026,0.773474395275116,0.01405686978250742
91,23296,23295,Electricity,uspds_csv,ts_drift_adapt_severity_s1p0,2,0.5641311813186813,0.08132450226600783,0.4166666666666667,0.6798981428146362,0.00437901820987463,0,0.0,0.0,0.0,mild_drift,0.9651502135038439,0.0006499982118606034,0.5600010013580621,0.8550006437301827,1764759392.4403322,0.6304223537445068,0.0178482998162508
92,23552,23551,Electricity,uspds_csv,ts_drift_adapt_severity_s1p0,2,0.5655146059782609,0.08261024750286795,0.3333333333333333,0.6806761026382446,0.004806568846106529,0,0.0,0.0,0.0,mild_drift,0.9651501067519219,0.0006499991059303017,0.560000500679031,0.8550003218650913,1764759392.4501424,0.6038709878921509,0.01966921053826809
93,23808,23807,Electricity,uspds_csv,ts_drift_adapt_severity_s1p0,2,0.567330309139785,0.08429809170521739,0.08333333333333333,0.6786791682243347,0.0039214384742081165,0,0.0,0.0,0.0,mild_drift,0.9651500533759609,0.0006499995529651509,0.5600002503395154,0.8550001609325457,1764759392.459767,0.46398356556892395,0.015999695286154747
94,24064,24063,Electricity,uspds_csv,ts_drift_adapt_severity_s1p0,2,0.56640625,0.0823314249759109,0.8333333333333334,0.6811331510543823,0.004602083005011082,0,0.0,0.0,0.0,mild_drift,0.9651500266879804,0.0006499997764825756,0.5600001251697577,0.8550000804662728,1764759392.469339,0.865168571472168,0.018761802464723587
95,24320,24319,Electricity,uspds_csv,ts_drift_adapt_severity_s1p0,2,0.5674342105263158,0.08325234296371815,0.5,0.6826220750808716,0.004266309551894665,0,0.0,0.0,0.0,mild_drift,0.9651500133439902,0.0006499998882412879,0.5600000625848789,0.8550000402331364,1764759392.4786556,0.7629305720329285,0.0173913836479187
96,24576,24575,Electricity,uspds_csv,ts_drift_adapt_severity_s1p0,2,0.5691324869791666,0.08483137366553646,0.25,0.6760187745094299,0.0033621240872889757,0,0.0,0.0,0.0,stable,0.9800750066719951,0.0005249999441206439,0.6300000312924394,0.9000000201165682,1764759392.4879174,0.5796794891357422,0.01369808055460453
97,24832,24831,Electricity,uspds_csv,ts_drift_adapt_severity_s1p0,2,0.5693057345360825,0.08420561389885926,0.9166666666666666,0.6713446974754333,0.0033749286085367203,0,0.0,0.0,0.0,stable,0.9875375033359975,0.000462499972060322,0.6650000156462197,0.9225000100582841,1764759392.4971178,0.9317505955696106,0.013767823576927185
98,25088,25087,Electricity,uspds_csv,ts_drift_adapt_severity_s1p0,2,0.5689174107142857,0.08295595600487754,0.6666666666666666,0.6783694624900818,0.002320569008588791,0,0.0,0.0,0.0,stable,0.9912687516679988,0.00043124998603016104,0.6825000078231098,0.9337500050291421,1764759392.5066612,0.7612279057502747,0.009389447048306465
99,25344,25343,Electricity,uspds_csv,ts_drift_adapt_severity_s1p0,2,0.5688131313131313,0.0826463413177571,0.5,0.676893949508667,0.0022929562255740166,0,0.0,0.0,0.0,stable,0.9931343758339994,0.0004156249930150805,0.6912500039115549,0.9393750025145711,1764759392.5164063,0.6659049391746521,0.009249006398022175
100,25600,25599,Electricity,uspds_csv,ts_drift_adapt_severity_s1p0,2,0.5691015625,0.08295973270657982,0.08333333333333333,0.6747286915779114,0.001863538403995335,1,0.33333333333333337,0.00010661193955196005,5.3305969775980025e-05,severe_drift,0.9443020865939563,0.0007078313618233133,0.5206055752613442,0.874695497152752,1764759392.52546,0.5182667374610901,0.007484304718673229
101,25856,25855,Electricity,uspds_csv,ts_drift_adapt_severity_s1p0,2,0.5694229579207921,0.08282683881375513,0.5833333333333334,0.6729466319084167,0.001648911740630865,0,0.0,0.0,0.0,mild_drift,0.9547260432969782,0.0006789156809116567,0.5403027876306721,0.8648477485763759,1764759392.5352905,0.6921470761299133,0.006649429444223642
102,26112,26111,Electricity,uspds_csv,ts_drift_adapt_severity_s1p0,2,0.5700061274509803,0.08385500136478587,0.5,0.678047776222229,0.0017554804217070341,0,0.0,0.0,0.0,mild_drift,0.9599380216484891,0.0006644578404558284,0.550151393815336,0.859923874288188,1764759392.5450783,0.7095591425895691,0.007023571524769068
103,26368,26367,Electricity,uspds_csv,ts_drift_adapt_severity_s1p0,2,0.5709192961165048,0.08470871451096348,0.3333333333333333,0.674730122089386,0.001918537076562643,0,0.0,0.0,0.0,mild_drift,0.9625440108242445,0.0006572289202279142,0.555075696907668,0.8574619371440939,1764759392.5546873,0.6024700999259949,0.007664280477911234
104,26624,26623,Electricity,uspds_csv,ts_drift_adapt_severity_s1p0,2,0.5710261418269231,0.08544774578754503,0.5,0.6735407114028931,0.002295413985848427,0,0.0,0.0,0.0,mild_drift,0.9638470054121222,0.0006536144601139572,0.557537848453834,0.856230968572047,1764759392.564557,0.6292606592178345,0.00913467351347208
105,26880,26879,Electricity,uspds_csv,ts_drift_adapt_severity_s1p0,2,0.5717261904761904,0.08604248137696997,0.4166666666666667,0.6728380918502808,0.002328204922378063,0,0.0,0.0,0.0,mild_drift,0.9644985027060611,0.0006518072300569786,0.5587689242269169,0.8556154842860235,1764759392.5743744,0.6377379894256592,0.00929807499051094
106,27136,27135,Electricity,uspds_csv,ts_drift_adapt_severity_s1p0,2,0.5713811910377359,0.08636521673442461,0.3333333333333333,0.6748600602149963,0.002824171679094434,0,0.0,0.0,0.0,mild_drift,0.9648242513530305,0.0006509036150284893,0.5593844621134585,0.8553077421430118,1764759392.584491,0.6403012275695801,0.011254295706748962
107,27392,27391,Electricity,uspds_csv,ts_drift_adapt_severity_s1p0,2,0.5715902453271028,0.08811250578856634,0.3333333333333333,0.6810342669487,0.003155187238007784,0,0.0,0.0,0.0,mild_drift,0.9649871256765152,0.0006504518075142447,0.5596922310567292,0.8551538710715059,1764759392.594341,0.681966245174408,0.012652622535824776
108,27648,27647,Electricity,uspds_csv,ts_drift_adapt_severity_s1p0,2,0.5724826388888888,0.0901123732352546,0.6666666666666666,0.6779435873031616,0.0034272652119398117,0,0.0,0.0,0.0,mild_drift,0.9650685628382576,0.0006502259037571225,0.5598461155283645,0.8550769355357529,1764759392.6038916,0.6962480545043945,0.013720730319619179
109,27904,27903,Electricity,uspds_csv,ts_drift_adapt_severity_s1p0,2,0.572211869266055,0.08931259807953464,0.5,0.6785101890563965,0.003254838054999709,0,0.0,0.0,0.0,mild_drift,0.9651092814191288,0.0006501129518785612,0.5599230577641823,0.8550384677678764,1764759392.613222,0.7108373045921326,0.013018036261200905
110,28160,28159,Electricity,uspds_csv,ts_drift_adapt_severity_s1p0,2,0.5712713068181818,0.08684682154193483,0.5833333333333334,0.677121639251709,0.0029046074487268925,0,0.0,0.0,0.0,mild_drift,0.9651296407095644,0.0006500564759392806,0.5599615288820912,0.8550192338839382,1764759392.623026,0.7196853756904602,0.01161116361618042
111,28416,28415,Electricity,uspds_csv,ts_drift_adapt_severity_s1p0,2,0.5712274774774775,0.08644434623849474,0.25,0.6819490194320679,0.0027003681752830744,0,0.0,0.0,0.0,mild_drift,0.9651398203547822,0.0006500282379696403,0.5599807644410455,0.8550096169419691,1764759392.6326873,0.6025801301002502,0.010815877467393875
112,28672,28671,Electricity,uspds_csv,ts_drift_adapt_severity_s1p0,2,0.5719517299107143,0.08767050631113997,0.3333333333333333,0.6771044135093689,0.001977987354621291,0,0.0,0.0,0.0,mild_drift,0.965144910177391,0.0006500141189848202,0.5599903822205228,0.8550048084709845,1764759392.6426046,0.6733900904655457,0.007934766821563244
113,28928,28927,Electricity,uspds_csv,ts_drift_adapt_severity_s1p0,2,0.5724903207964602,0.08876455886491712,0.5,0.6723498702049255,0.001409544376656413,0,0.0,0.0,0.0,mild_drift,0.9651474550886955,0.0006500070594924101,0.5599951911102614,0.8550024042354922,1764759392.6526217,0.6713929176330566,0.005648460239171982
114,29184,29183,Electricity,uspds_csv,ts_drift_adapt_severity_s1p0,2,0.573327850877193,0.08915523837521182,0.3333333333333333,0.6731133460998535,0.0016704172594472766,0,0.0,0.0,0.0,mild_drift,0.9651487275443478,0.0006500035297462051,0.5599975955551306,0.8550012021177461,1764759392.6624424,0.6801292300224304,0.006706842686980963
115,29440,29439,Electricity,uspds_csv,ts_drift_adapt_severity_s1p0,2,0.5739130434782609,0.08990531485610403,0.5,0.6766398549079895,0.0015648299595341086,0,0.0,0.0,0.0,mild_drift,0.9651493637721739,0.0006500017648731027,0.5599987977775653,0.8550006010588731,1764759392.6723814,0.6521736979484558,0.0062805968336761
116,29696,29695,Electricity,uspds_csv,ts_drift_adapt_severity_s1p0,2,0.5735789331896551,0.0895859085072017,0.5833333333333334,0.6746404767036438,0.0018743459368124604,0,0.0,0.0,0.0,mild_drift,0.965149681886087,0.0006500008824365513,0.5599993988887826,0.8550003005294365,1764759392.6821678,0.7656137347221375,0.007550622336566448
117,29952,29951,Electricity,uspds_csv,ts_drift_adapt_severity_s1p0,2,0.5744190705128205,0.0898747130409649,0.4166666666666667,0.6727468967437744,0.0022013168781995773,0,0.0,0.0,0.0,mild_drift,0.9651498409430435,0.0006500004412182756,0.5599996994443912,0.8550001502647182,1764759392.6918936,0.6741822361946106,0.008904746733605862
118,30208,30207,Electricity,uspds_csv,ts_drift_adapt_severity_s1p0,2,0.5748808262711864,0.0898956125782013,0.5,0.6725481748580933,0.0018050135113298893,0,0.0,0.0,0.0,mild_drift,0.9651499204715217,0.0006500002206091379,0.5599998497221956,0.8550000751323591,1764759392.701465,0.7120978832244873,0.007326523307710886
119,30464,30463,Electricity,uspds_csv,ts_drift_adapt_severity_s1p0,2,0.5750722163865546,0.08944234860691744,0.25,0.677534282207489,0.002354780677706003,0,0.0,0.0,0.0,mild_drift,0.9651499602357608,0.000650000110304569,0.5599999248610978,0.8550000375661795,1764759392.7118113,0.6380525231361389,0.009548839181661606
120,30720,30719,Electricity,uspds_csv,ts_drift_adapt_severity_s1p0,2,0.5755859375,0.08985931208698779,0.3333333333333333,0.6755629777908325,0.0019456783775240183,0,0.0,0.0,0.0,mild_drift,0.9651499801178804,0.0006500000551522846,0.559999962430549,0.8550000187830897,1764759392.7214575,0.6204125285148621,0.007869519293308258
121,30976,30975,Electricity,uspds_csv,ts_drift_adapt_severity_s1p0,2,0.5764139979338843,0.0902363162742482,0.16666666666666666,0.6731563210487366,0.0020382169168442488,0,0.0,0.0,0.0,stable,0.9800749900589403,0.0005250000275761423,0.6299999812152745,0.9000000093915449,1764759392.7310143,0.5137061476707458,0.008267159573733807
122,31232,31231,Electricity,uspds_csv,ts_drift_adapt_severity_s1p0,2,0.5766201331967213,0.0899047027156905,0.5833333333333334,0.6740790009498596,0.002279129112139344,0,0.0,0.0,0.0,stable,0.9875374950294702,0.0004625000137880712,0.6649999906076371,0.9225000046957725,1764759392.740746,0.7031034827232361,0.009269500151276588
123,31488,31487,Electricity,uspds_csv,ts_drift_adapt_severity_s1p0,2,0.576854674796748,0.08956215556545517,0.5833333333333334,0.6758031249046326,0.002734229201450944,0,0.0,0.0,0.0,stable,0.991268747514735,0.0004312500068940356,0.6824999953038186,0.9337500023478863,1764759392.7504137,0.7265607714653015,0.011115225963294506
124,31744,31743,Electricity,uspds_csv,ts_drift_adapt_severity_s1p0,2,0.5760773689516129,0.08794461618251244,0.75,0.6734664440155029,0.0025915056467056274,0,0.0,0.0,0.0,stable,0.9931343737573675,0.0004156250034470178,0.6912499976519093,0.9393750011739432,1764759392.7600067,0.8102174401283264,0.010518121533095837
125,32000,31999,Electricity,uspds_csv,ts_drift_adapt_severity_s1p0,2,0.5765625,0.08836615312596821,0.25,0.6731569766998291,0.002162934746593237,1,0.16666666666666669,0.00019856743160858088,9.928371580429044e-05,severe_drift,0.9442890602829204,0.0007078476388511409,0.5205888161168578,0.8747023931443423,1764759392.7698476,0.5519547462463379,0.008789516985416412
126,32256,32255,Electricity,uspds_csv,ts_drift_adapt_severity_s1p0,2,0.5769469246031746,0.08815887837023281,0.5,0.6691464185714722,0.002294975332915783,0,0.0,0.0,0.0,mild_drift,0.9547195301414602,0.0006789238194255705,0.5402944080584289,0.8648511965721711,1764759392.77995,0.6864528059959412,0.009319117292761803
127,32512,32511,Electricity,uspds_csv,ts_drift_adapt_severity_s1p0,2,0.5764948326771654,0.08713689047042265,0.4166666666666667,0.672905445098877,0.0017408912535756826,0,0.0,0.0,0.0,mild_drift,0.9599347650707301,0.0006644619097127852,0.5501472040292144,0.8599255982860856,1764759392.7896605,0.658251941204071,0.0070335157215595245
128,32768,32767,Electricity,uspds_csv,ts_drift_adapt_severity_s1p0,2,0.575592041015625,0.08579684569255512,0.25,0.6746178269386292,0.0021466449834406376,0,0.0,0.0,0.0,mild_drift,0.962542382535365,0.0006572309548563927,0.5550736020146072,0.8574627991430428,1764759392.7994533,0.5980927348136902,0.008658123202621937
129,33024,33023,Electricity,uspds_csv,ts_drift_adapt_severity_s1p0,2,0.576671511627907,0.08723135504758142,0.16666666666666666,0.6744705438613892,0.0017900525126606226,0,0.0,0.0,0.0,mild_drift,0.9638461912676825,0.0006536154774281963,0.5575368010073036,0.8562313995715214,1764759392.809145,0.5794070959091187,0.0072135115042328835
130,33280,33279,Electricity,uspds_csv,ts_drift_adapt_severity_s1p0,2,0.5762920673076923,0.0863677594920306,0.3333333333333333,0.674284040927887,0.0019107982516288757,0,0.0,0.0,0.0,mild_drift,0.9644980956338411,0.0006518077387140983,0.5587684005036517,0.8556156997857607,1764759392.8187368,0.6251387596130371,0.007717739325016737
131,33536,33535,Electricity,uspds_csv,ts_drift_adapt_severity_s1p0,2,0.5764253339694656,0.08632258402374718,0.4166666666666667,0.6764330267906189,0.0016638069646432996,0,0.0,0.0,0.0,mild_drift,0.9648240478169205,0.0006509038693570492,0.5593842002518259,0.8553078498928803,1764759392.827991,0.6622273325920105,0.0066730254329741
132,33792,33791,Electricity,uspds_csv,ts_drift_adapt_severity_s1p0,2,0.5770004734848485,0.08720640830160685,0.0,0.6774416565895081,0.0015396906528621912,0,0.0,0.0,0.0,mild_drift,0.9649870239084603,0.0006504519346785247,0.559692100125913,0.8551539249464402,1764759392.8373227,0.5653361082077026,0.006169538479298353
133,34048,34047,Electricity,uspds_csv,ts_drift_adapt_severity_s1p0,2,0.577860667293233,0.08767148883022055,0.25,0.6633827686309814,0.0018678983906283975,0,0.0,0.0,0.0,mild_drift,0.9650685119542302,0.0006502259673392624,0.5598460500629565,0.8550769624732201,1764759392.846685,0.5348958373069763,0.007564904633909464
134,34304,34303,Electricity,uspds_csv,ts_drift_adapt_severity_s1p0,2,0.5762010261194029,0.08521276972010593,0.5,0.6675019860267639,0.001965539064258337,0,0.0,0.0,0.0,mild_drift,0.965109255977115,0.0006501129836696312,0.5599230250314782,0.8550384812366101,1764759392.8564231,0.6742826104164124,0.007996574975550175
135,34560,34559,Electricity,uspds_csv,ts_drift_adapt_severity_s1p0,2,0.5773726851851851,0.08625941520970105,0.25,0.6709821820259094,0.0021930469665676355,0,0.0,0.0,0.0,mild_drift,0.9651296279885575,0.0006500564918348157,0.5599615125157391,0.855019240618305,1764759392.8666425,0.6483234167098999,0.008907758630812168
136,34816,34815,Electricity,uspds_csv,ts_drift_adapt_severity_s1p0,2,0.5776654411764706,0.08591222737658745,0.5,0.6748711466789246,0.0023109442554414272,0,0.0,0.0,0.0,mild_drift,0.9651398139942787,0.0006500282459174079,0.5599807562578696,0.8550096203091525,1764759392.8760998,0.6831756234169006,0.009365660138428211
137,35072,35071,Electricity,uspds_csv,ts_drift_adapt_severity_s1p0,2,0.5781535127737226,0.08608100875277158,0.5,0.6735785603523254,0.0027305479161441326,0,0.0,0.0,0.0,mild_drift,0.9651449069971394,0.000650014122958704,0.5599903781289348,0.8550048101545762,1764759392.8856137,0.6991279721260071,0.011118300259113312
138,35328,35327,Electricity,uspds_csv,ts_drift_adapt_severity_s1p0,2,0.578719429347826,0.08630482972577559,0.3333333333333333,0.6721293330192566,0.0022620470263063908,0,0.0,0.0,0.0,mild_drift,0.9651474534985697,0.000650007061479352,0.5599951890644674,0.8550024050772881,1764759392.8949113,0.6300010681152344,0.009232431650161743
139,35584,35583,Electricity,uspds_csv,ts_drift_adapt_severity_s1p0,2,0.5798392535971223,0.08700700162378017,0.16666666666666666,0.6698479652404785,0.0031203737016767263,0,0.0,0.0,0.0,mild_drift,0.9651487267492849,0.0006500035307396761,0.5599975945322337,0.855001202538644,1764759392.9049306,0.5804183483123779,0.012764974497258663
140,35840,35839,Electricity,uspds_csv,ts_drift_adapt_severity_s1p0,2,0.5806640625,0.08744757781287381,0.16666666666666666,0.6755975484848022,0.0034082962665706873,0,0.0,0.0,0.0,mild_drift,0.9651493633746424,0.0006500017653698381,0.5599987972661169,0.855000601269322,1764759392.9146457,0.5733296275138855,0.013911029323935509
141,36096,36095,Electricity,uspds_csv,ts_drift_adapt_severity_s1p0,2,0.5814217641843972,0.08786181862403909,0.4166666666666667,0.6751247048377991,0.00413179537281394,0,0.0,0.0,0.0,mild_drift,0.9651496816873212,0.000650000882684919,0.5599993986330585,0.8550003006346609,1764759392.9245753,0.6767733693122864,0.016941813752055168
142,36352,36351,Electricity,uspds_csv,ts_drift_adapt_severity_s1p0,2,0.582581426056338,0.08872958879429571,0.4166666666666667,0.6669473052024841,0.00492634205147624,0,0.0,0.0,0.0,mild_drift,0.9651498408436605,0.0006500004413424595,0.5599996993165293,0.8550001503173305,1764759392.9344962,0.7483494877815247,0.02028363198041916
143,36608,36607,Electricity,uspds_csv,ts_drift_adapt_severity_s1p0,2,0.5825229458041958,0.08813113459024498,0.3333333333333333,0.6674025654792786,0.004492643754929304,0,0.0,0.0,0.0,mild_drift,0.9651499204218302,0.0006500002206712297,0.5599998496582645,0.8550000751586653,1764759392.9443069,0.6438283920288086,0.018492288887500763
144,36864,36863,Electricity,uspds_csv,ts_drift_adapt_severity_s1p0,2,0.5829264322916666,0.08805855424032974,0.3333333333333333,0.6735355257987976,0.004478758666664362,0,0.0,0.0,0.0,mild_drift,0.965149960210915,0.000650000110335615,0.5599999248291323,0.8550000375793326,1764759392.9561691,0.5727853178977966,0.01834709756076336
145,37120,37119,Electricity,uspds_csv,ts_drift_adapt_severity_s1p0,2,0.5830280172413793,0.08763787966898513,0.4166666666666667,0.6706685423851013,0.004539188928902149,0,0.0,0.0,0.0,mild_drift,0.9651499801054575,0.0006500000551678076,0.5599999624145662,0.8550000187896662,1764759392.9659996,0.678591251373291,0.018674300983548164
146,37376,37375,Electricity,uspds_csv,ts_drift_adapt_severity_s1p0,2,0.5834760273972602,0.08762135282413609,0.16666666666666666,0.6695340275764465,0.004354122560471296,0,0.0,0.0,0.0,stable,0.9800749900527288,0.0005250000275839038,0.6299999812072831,0.9000000093948332,1764759392.9760678,0.5274735689163208,0.017895542085170746
147,37632,37631,Electricity,uspds_csv,ts_drift_adapt_severity_s1p0,2,0.5845291241496599,0.08832053485695109,0.25,0.6673934459686279,0.00478415098041296,0,0.0,0.0,0.0,stable,0.9875374950263645,0.00046250001379195187,0.6649999906036415,0.9225000046974166,1764759392.9862301,0.5691351294517517,0.019671864807605743
148,37888,37887,Electricity,uspds_csv,ts_drift_adapt_severity_s1p0,2,0.5848553631756757,0.08811018925125377,0.25,0.6692049503326416,0.00503458920866251,0,0.0,0.0,0.0,stable,0.9912687475131823,0.00043125000689597597,0.6824999953018207,0.9337500023487083,1764759392.9962518,0.5748352408409119,0.020707037299871445
149,38144,38143,Electricity,uspds_csv,ts_drift_adapt_severity_s1p0,2,0.5846791107382551,0.08747918764885401,0.5,0.6699090003967285,0.005133189260959625,0,0.0,0.0,0.0,stable,0.9931343737565912,0.00041562500344798797,0.6912499976509103,0.9393750011743542,1764759393.0061383,0.7377323508262634,0.02112516015768051
150,38400,38399,Electricity,uspds_csv,ts_drift_adapt_severity_s1p0,2,0.5844791666666667,0.08671993877314602,0.5,0.6671391725540161,0.005137415137141943,1,0.25,0.03009306228245726,0.01504653114122863,severe_drift,0.9400545774904271,0.0007131375631486645,0.5151414786450447,0.8769444802583615,1764759393.0162897,0.6217623353004456,0.021157752722501755
151,38656,38655,Electricity,uspds_csv,ts_drift_adapt_severity_s1p0,2,0.5844629552980133,0.086176117240282,0.4166666666666667,0.6649484038352966,0.005382036790251732,0,0.0,0.0,0.0,mild_drift,0.9526022887452135,0.0006815687815743323,0.5375707393225223,0.8659722401291807,1764759393.0263317,0.6181510090827942,0.022247906774282455
152,38912,38911,Electricity,uspds_csv,ts_drift_adapt_severity_s1p0,2,0.5842670641447368,0.08551120740251139,0.4166666666666667,0.6662974953651428,0.0033397190272808075,0,0.0,0.0,0.0,mild_drift,0.9588761443726067,0.0006657843907871662,0.5487853696612611,0.8604861200645904,1764759393.0362444,0.6594205498695374,0.013697925955057144
153,39168,39167,Electricity,uspds_csv,ts_drift_adapt_severity_s1p0,2,0.5837418300653595,0.0844161701105832,0.25,0.6699485182762146,0.003590152831748128,0,0.0,0.0,0.0,mild_drift,0.9620130721863034,0.0006578921953935831,0.5543926848306305,0.8577430600322952,1764759393.0463657,0.5558936595916748,0.01464286632835865
154,39424,39423,Electricity,uspds_csv,ts_drift_adapt_severity_s1p0,2,0.583299512987013,0.08367995340730802,0.5833333333333334,0.661758542060852,0.0028900806792080402,0,0.0,0.0,0.0,mild_drift,0.9635815360931517,0.0006539460976967916,0.5571963424153152,0.8563715300161476,1764759393.0568478,0.7854622006416321,0.011812414973974228
155,39680,39679,Electricity,uspds_csv,ts_drift_adapt_severity_s1p0,2,0.5826864919354838,0.08262198938470379,0.75,0.6581522226333618,0.0021071049850434065,0,0.0,0.0,0.0,mild_drift,0.9643657680465758,0.0006519730488483958,0.5585981712076575,0.8556857650080738,1764759393.0673532,0.9298571944236755,0.008571271784603596
156,39936,39935,Electricity,uspds_csv,ts_drift_adapt_severity_s1p0,2,0.5811298076923077,0.08051509687641258,0.8333333333333334,0.6579743027687073,0.0015174956060945988,0,0.0,0.0,0.0,mild_drift,0.9647578840232879,0.000650986524424198,0.5592990856038287,0.8553428825040369,1764759393.0771756,0.9197753071784973,0.006099106278270483
157,40192,40191,Electricity,uspds_csv,ts_drift_adapt_severity_s1p0,2,0.5807374601910829,0.08027059283780683,0.4166666666666667,0.665503978729248,0.0013844995992258191,0,0.0,0.0,0.0,mild_drift,0.964953942011644,0.0006504932622120991,0.5596495428019144,0.8551714412520184,1764759393.087187,0.6753303408622742,0.005532031413167715
158,40448,40447,Electricity,uspds_csv,ts_drift_adapt_severity_s1p0,2,0.5808198180379747,0.08061167445251285,0.25,0.6617825031280518,0.00242083752527833,0,0.0,0.0,0.0,mild_drift,0.965051971005822,0.0006502466311060495,0.5598247714009572,0.8550857206260092,1764759393.0972576,0.5740033984184265,0.009625331498682499
159,40704,40703,Electricity,uspds_csv,ts_drift_adapt_severity_s1p0,2,0.5802132468553459,0.0803462610150311,0.5833333333333334,0.6581816077232361,0.002935725264251232,0,0.0,0.0,0.0,mild_drift,0.9651009855029109,0.0006501233155530247,0.5599123857004786,0.8550428603130046,1764759393.1075423,0.759174108505249,0.011657516472041607
160,40960,40959,Electricity,uspds_csv,ts_drift_adapt_severity_s1p0,2,0.5794921875,0.07952203479651414,0.5,0.654887318611145,0.004337708931416273,0,0.0,0.0,0.0,mild_drift,0.9651254927514554,0.0006500616577765125,0.5599561928502392,0.8550214301565022,1764759393.1176357,0.6815475821495056,0.017138300463557243
161,41216,41215,Electricity,uspds_csv,ts_drift_adapt_severity_s1p0,2,0.5798476319875776,0.08171960255709937,0.6666666666666666,0.6678501963615417,0.005282207392156124,0,0.0,0.0,0.0,mild_drift,0.9651377463757277,0.0006500308288882562,0.5599780964251195,0.8550107150782511,1764759393.1278257,0.7383558750152588,0.021030131727457047
162,41472,41471,Electricity,uspds_csv,ts_drift_adapt_severity_s1p0,2,0.5804157021604939,0.08434507243075012,0.25,0.6635333299636841,0.007041787728667259,0,0.0,0.0,0.0,mild_drift,0.9651438731878639,0.0006500154144441282,0.5599890482125598,0.8550053575391255,1764759393.1378772,0.6171064972877502,0.028027383610606194
163,41728,41727,Electricity,uspds_csv,ts_drift_adapt_severity_s1p0,2,0.5805933665644172,0.08562507657752925,0.5,0.6624053120613098,0.007804230786859989,0,0.0,0.0,0.0,mild_drift,0.9651469365939319,0.0006500077072220641,0.5599945241062798,0.8550026787695628,1764759393.147773,0.6426876187324524,0.031044024974107742
164,41984,41983,Electricity,uspds_csv,ts_drift_adapt_severity_s1p0,2,0.5805544969512195,0.08633505270012055,0.4166666666666667,0.6586095094680786,0.010288329795002937,0,0.0,0.0,0.0,mild_drift,0.965148468296966,0.000650003853611032,0.5599972620531399,0.8550013393847814,1764759393.157882,0.6576858162879944,0.040865156799554825
165,42240,42239,Electricity,uspds_csv,ts_drift_adapt_severity_s1p0,2,0.58046875,0.08752048448046297,0.4166666666666667,0.6677321195602417,0.0114698251709342,0,0.0,0.0,0.0,mild_drift,0.965149234148483,0.0006500019268055161,0.5599986310265699,0.8550006696923906,1764759393.1678846,0.702002227306366,0.04589799791574478
166,42496,42495,Electricity,uspds_csv,ts_drift_adapt_severity_s1p0,2,0.5808546686746988,0.08920709372610859,0.08333333333333333,0.6677988767623901,0.010443679988384247,0,0.0,0.0,0.0,mild_drift,0.9651496170742415,0.0006500009634027581,0.559999315513285,0.8550003348461953,1764759393.1778767,0.6078525185585022,0.041755493730306625
167,42752,42751,Electricity,uspds_csv,ts_drift_adapt_severity_s1p0,2,0.5813295284431138,0.09178878211368399,0.4166666666666667,0.6693328619003296,0.010397042147815228,0,0.0,0.0,0.0,mild_drift,0.9651498085371207,0.0006500004817013791,0.5599996577566424,0.8550001674230976,1764759393.1881266,0.6451948285102844,0.041621048003435135
168,43008,43007,Electricity,uspds_csv,ts_drift_adapt_severity_s1p0,2,0.5812406994047619,0.09265307504048129,0.4166666666666667,0.6678982377052307,0.01040297094732523,0,0.0,0.0,0.0,mild_drift,0.9651499042685603,0.0006500002408506896,0.5599998288783212,0.8550000837115488,1764759393.1983206,0.686418354511261,0.041573818773031235
169,43264,43263,Electricity,uspds_csv,ts_drift_adapt_severity_s1p0,2,0.5809217825443787,0.09290372105841867,0.3333333333333333,0.6766331195831299,0.00898810662329197,0,0.0,0.0,0.0,mild_drift,0.9651499521342801,0.0006500001204253448,0.5599999144391605,0.8550000418557744,1764759393.2084794,0.6745669841766357,0.03601205721497536
170,43520,43519,Electricity,uspds_csv,ts_drift_adapt_severity_s1p0,2,0.580514705882353,0.09297803006604292,0.5,0.6767907738685608,0.0071311816573143005,0,0.0,0.0,0.0,mild_drift,0.96514997606714,0.0006500000602126725,0.5599999572195802,0.8550000209278872,1764759393.2185013,0.715244472026825,0.028618475422263145
171,43776,43775,Electricity,uspds_csv,ts_drift_adapt_severity_s1p0,2,0.5796783625730995,0.09120212954009004,0.5,0.6748936176300049,0.006620093248784542,0,0.0,0.0,0.0,stable,0.98007498803357,0.0005250000301063362,0.6299999786097901,0.9000000104639436,1764759393.2284627,0.6781654357910156,0.026423431932926178
172,44032,44031,Electricity,uspds_csv,ts_drift_adapt_severity_s1p0,2,0.5797601744186046,0.09172407940811855,0.4166666666666667,0.6720137000083923,0.006042917259037495,0,0.0,0.0,0.0,stable,0.9875374940167849,0.00046250001505316815,0.664999989304895,0.9225000052319718,1764759393.2376883,0.6769677996635437,0.024105241522192955
173,44288,44287,Electricity,uspds_csv,ts_drift_adapt_severity_s1p0,2,0.5797281430635838,0.0921176708434155,0.4166666666666667,0.679712176322937,0.005622811149805784,0,0.0,0.0,0.0,stable,0.9912687470083925,0.00043125000752658406,0.6824999946524475,0.933750002615986,1764759393.2469492,0.6870629191398621,0.022511644288897514
174,44544,44543,Electricity,uspds_csv,ts_drift_adapt_severity_s1p0,2,0.5795617816091954,0.0925827647111818,0.4166666666666667,0.6777125000953674,0.004429821856319904,0,0.0,0.0,0.0,stable,0.9931343735041962,0.00041562500376329207,0.6912499973262237,0.939375001307993,1764759393.256469,0.6647513508796692,0.0176961999386549
175,44800,44799,Electricity,uspds_csv,ts_drift_adapt_severity_s1p0,2,0.5798660714285714,0.09385069838552583,0.3333333333333333,0.6759442090988159,0.0035062143579125404,1,0.16666666666666669,0.0,0.0,severe_drift,0.9443171867520981,0.000707812501881646,0.5206249986631118,0.8746875006539965,1764759393.266173,0.6553427577018738,0.01399422436952591
176,45056,45055,Electricity,uspds_csv,ts_drift_adapt_severity_s1p0,2,0.5804554332386364,0.09558357413093695,0.16666666666666666,0.6763101816177368,0.0026766101364046335,0,0.0,0.0,0.0,mild_drift,0.954733593376049,0.000678906250940823,0.5403124993315559,0.8648437503269982,1764759393.2758114,0.6433640718460083,0.01068101916462183
177,45311,45310,Electricity,uspds_csv,ts_drift_adapt_severity_s1p0,2,0.5803667983491867,0.09556485476422098,0.4166666666666667,0.6820427775382996,0.0014236242277547717,0,0.0,0.0,0.0,mild_drift,0.9599417966880245,0.0006644531254704116,0.5501562496657779,0.8599218751634992,1764759393.285829,0.6683931946754456,0.005684412084519863
