track,dataset,unit,seed,group,src_group,run_id,log_path,acc_final,acc_min_raw,acc_min@2000,confirmed_count,confirm_rate_per_10k,post_mean@W500,post_min@W500,post_mean@W1000,post_min@W1000,post_mean@W2000,post_min@W2000
AC,INSECTS_abrupt_balanced,sample_idx,1,baseline,A_baseline,20260108-232618-nox_A_baseline_theta0.50_w1_cd200,logs/trackX_insects_gating_sweep/INSECTS_abrupt_balanced/ts_drift_adapt/seed1/20260108-232618-nox_A_baseline_theta0.50_w1_cd200/INSECTS_abrupt_balanced__ts_drift_adapt__seed1.csv,0.21350313168202548,0.12890625,0.1595901268115942,40,7.569020001135353,0.19541160107005603,0.19500465562358035,0.19527288542319665,0.19442887756981064,0.19440957451127294,0.19198613624032
AC,INSECTS_abrupt_balanced,sample_idx,2,baseline,A_baseline,20260108-232618-nox_A_baseline_theta0.50_w1_cd200,logs/trackX_insects_gating_sweep/INSECTS_abrupt_balanced/ts_drift_adapt/seed2/20260108-232618-nox_A_baseline_theta0.50_w1_cd200/INSECTS_abrupt_balanced__ts_drift_adapt__seed2.csv,0.19891384562983708,0.1484375,0.16244419642857144,39,7.379794501106969,0.186700569878916,0.18649856409800566,0.18683832661703173,0.1862979891469247,0.1865961774397959,0.18461253212513293
AC,INSECTS_abrupt_balanced,sample_idx,3,baseline,A_baseline,20260108-232618-nox_A_baseline_theta0.50_w1_cd200,logs/trackX_insects_gating_sweep/INSECTS_abrupt_balanced/ts_drift_adapt/seed3/20260108-232618-nox_A_baseline_theta0.50_w1_cd200/INSECTS_abrupt_balanced__ts_drift_adapt__seed3.csv,0.19418320812912748,0.1521434294871795,0.1521434294871795,38,7.190569001078585,0.1791337331979871,0.17893562436083782,0.17914653055960666,0.17852627858351464,0.17859241164899245,0.176411207625753
AC,INSECTS_abrupt_balanced,sample_idx,4,baseline,A_baseline,20260108-232618-nox_A_baseline_theta0.50_w1_cd200,logs/trackX_insects_gating_sweep/INSECTS_abrupt_balanced/ts_drift_adapt/seed4/20260108-232618-nox_A_baseline_theta0.50_w1_cd200/INSECTS_abrupt_balanced__ts_drift_adapt__seed4.csv,0.19738111907960718,0.16752232142857143,0.16752232142857143,38,7.190569001078585,0.19215841175171228,0.19166771132628474,0.1919518775881417,0.19084118026174587,0.19070914260065805,0.18811238717947448
AC,INSECTS_abrupt_balanced,sample_idx,5,baseline,A_baseline,20260108-232618-nox_A_baseline_theta0.50_w1_cd200,logs/trackX_insects_gating_sweep/INSECTS_abrupt_balanced/ts_drift_adapt/seed5/20260108-232618-nox_A_baseline_theta0.50_w1_cd200/INSECTS_abrupt_balanced__ts_drift_adapt__seed5.csv,0.20635040778095257,0.1634963768115942,0.1634963768115942,39,7.379794501106969,0.18998669632270757,0.18959477413900339,0.1897642951187279,0.18893415504471572,0.1886366636167673,0.18645357455972605
AC,INSECTS_abrupt_balanced,sample_idx,6,baseline,A_baseline,20260108-232618-nox_A_baseline_theta0.50_w1_cd200,logs/trackX_insects_gating_sweep/INSECTS_abrupt_balanced/ts_drift_adapt/seed6/20260108-232618-nox_A_baseline_theta0.50_w1_cd200/INSECTS_abrupt_balanced__ts_drift_adapt__seed6.csv,0.20126024183018904,0.15953351449275363,0.15953351449275363,38,7.190569001078585,0.18651507375361026,0.18623451133144453,0.18637405279461286,0.18569023897609677,0.1855409577785771,0.18342551776275268
AC,INSECTS_abrupt_balanced,sample_idx,7,baseline,A_baseline,20260108-232618-nox_A_baseline_theta0.50_w1_cd200,logs/trackX_insects_gating_sweep/INSECTS_abrupt_balanced/ts_drift_adapt/seed7/20260108-232618-nox_A_baseline_theta0.50_w1_cd200/INSECTS_abrupt_balanced__ts_drift_adapt__seed7.csv,0.20300111643045016,0.16009963768115942,0.16009963768115942,40,7.569020001135353,0.18736879687743177,0.18697167499279052,0.18719707135918548,0.18634110442002608,0.1861651538999084,0.18393874877045321
AC,INSECTS_abrupt_balanced,sample_idx,8,baseline,A_baseline,20260108-232618-nox_A_baseline_theta0.50_w1_cd200,logs/trackX_insects_gating_sweep/INSECTS_abrupt_balanced/ts_drift_adapt/seed8/20260108-232618-nox_A_baseline_theta0.50_w1_cd200/INSECTS_abrupt_balanced__ts_drift_adapt__seed8.csv,0.20741007058111152,0.125,0.15002264492753623,39,7.379794501106969,0.18322127339218355,0.1827734447319428,0.18328344111220407,0.18219675346952316,0.18291924451195388,0.17999866024918418
AC,INSECTS_abrupt_balanced,sample_idx,9,baseline,A_baseline,20260108-232618-nox_A_baseline_theta0.50_w1_cd200,logs/trackX_insects_gating_sweep/INSECTS_abrupt_balanced/ts_drift_adapt/seed9/20260108-232618-nox_A_baseline_theta0.50_w1_cd200/INSECTS_abrupt_balanced__ts_drift_adapt__seed9.csv,0.19753249947962986,0.11328125,0.15834465579710144,40,7.569020001135353,0.1835427237656245,0.18322692375258443,0.1833390977685128,0.1826312513774498,0.1824778556699933,0.18034971552864698
AC,INSECTS_abrupt_balanced,sample_idx,10,baseline,A_baseline,20260108-232618-nox_A_baseline_theta0.50_w1_cd200,logs/trackX_insects_gating_sweep/INSECTS_abrupt_balanced/ts_drift_adapt/seed10/20260108-232618-nox_A_baseline_theta0.50_w1_cd200/INSECTS_abrupt_balanced__ts_drift_adapt__seed10.csv,0.19885707797982857,0.1617980072463768,0.1617980072463768,38,7.190569001078585,0.1890748069369147,0.18866823727291915,0.18893773677545556,0.1880315025417678,0.18817829850956136,0.18563352338662412
AC,INSECTS_abrupt_balanced,sample_idx,11,baseline,A_baseline,20260108-232618-nox_A_baseline_theta0.50_w1_cd200,logs/trackX_insects_gating_sweep/INSECTS_abrupt_balanced/ts_drift_adapt/seed11/20260108-232618-nox_A_baseline_theta0.50_w1_cd200/INSECTS_abrupt_balanced__ts_drift_adapt__seed11.csv,0.20778852158116828,0.16776315789473684,0.16776315789473684,40,7.569020001135353,0.1901365786360513,0.18988223958368727,0.1901069774462663,0.18937655029379832,0.18945928660180256,0.1871671071945247
AC,INSECTS_abrupt_balanced,sample_idx,12,baseline,A_baseline,20260108-232618-nox_A_baseline_theta0.50_w1_cd200,logs/trackX_insects_gating_sweep/INSECTS_abrupt_balanced/ts_drift_adapt/seed12/20260108-232618-nox_A_baseline_theta0.50_w1_cd200/INSECTS_abrupt_balanced__ts_drift_adapt__seed12.csv,0.19859216227978882,0.0859375,0.16111865942028986,38,7.190569001078585,0.18640712609852603,0.186108602104272,0.18622383260512973,0.18548601171715554,0.18532721459068788,0.18313929566706313
AC,INSECTS_abrupt_balanced,sample_idx,13,baseline,A_baseline,20260108-232618-nox_A_baseline_theta0.50_w1_cd200,logs/trackX_insects_gating_sweep/INSECTS_abrupt_balanced/ts_drift_adapt/seed13/20260108-232618-nox_A_baseline_theta0.50_w1_cd200/INSECTS_abrupt_balanced__ts_drift_adapt__seed13.csv,0.20472306848070845,0.16009963768115942,0.16009963768115942,40,7.569020001135353,0.19097134396014112,0.190610082066706,0.1910197133851456,0.1900203775810251,0.19044264620542542,0.18753955185642907
AC,INSECTS_abrupt_balanced,sample_idx,14,baseline,A_baseline,20260108-232618-nox_A_baseline_theta0.50_w1_cd200,logs/trackX_insects_gating_sweep/INSECTS_abrupt_balanced/ts_drift_adapt/seed14/20260108-232618-nox_A_baseline_theta0.50_w1_cd200/INSECTS_abrupt_balanced__ts_drift_adapt__seed14.csv,0.21276515223191478,0.15845788043478262,0.15845788043478262,38,7.190569001078585,0.19876654366640648,0.19825692969111253,0.19861194047002675,0.1976322949745725,0.1976261026202382,0.1950958704801426
AC,INSECTS_abrupt_balanced,sample_idx,15,baseline,A_baseline,20260108-232618-nox_A_baseline_theta0.50_w1_cd200,logs/trackX_insects_gating_sweep/INSECTS_abrupt_balanced/ts_drift_adapt/seed15/20260108-232618-nox_A_baseline_theta0.50_w1_cd200/INSECTS_abrupt_balanced__ts_drift_adapt__seed15.csv,0.20150623498022593,0.16089221014492755,0.16089221014492755,39,7.379794501106969,0.19372052043761154,0.19334878232163707,0.19349723904786204,0.1927060677669788,0.19242504510707228,0.19035811410811412
AC,INSECTS_abrupt_balanced,sample_idx,16,baseline,A_baseline,20260108-232618-nox_A_baseline_theta0.50_w1_cd200,logs/trackX_insects_gating_sweep/INSECTS_abrupt_balanced/ts_drift_adapt/seed16/20260108-232618-nox_A_baseline_theta0.50_w1_cd200/INSECTS_abrupt_balanced__ts_drift_adapt__seed16.csv,0.18322705167748407,0.15953351449275363,0.15953351449275363,38,7.190569001078585,0.17965174734867614,0.1792762270854603,0.1793983855957646,0.17854912523067867,0.17825329638352497,0.17612724602738933
AC,INSECTS_abrupt_balanced,sample_idx,17,baseline,A_baseline,20260108-232618-nox_A_baseline_theta0.50_w1_cd200,logs/trackX_insects_gating_sweep/INSECTS_abrupt_balanced/ts_drift_adapt/seed17/20260108-232618-nox_A_baseline_theta0.50_w1_cd200/INSECTS_abrupt_balanced__ts_drift_adapt__seed17.csv,0.21768501523265274,0.18472450657894737,0.18472450657894737,40,7.569020001135353,0.20199163127481676,0.20190235248666513,0.2020749817794347,0.20182068650054835,0.2017569503318511,0.2004255310239047
AC,INSECTS_abrupt_balanced,sample_idx,18,baseline,A_baseline,20260108-232618-nox_A_baseline_theta0.50_w1_cd200,logs/trackX_insects_gating_sweep/INSECTS_abrupt_balanced/ts_drift_adapt/seed18/20260108-232618-nox_A_baseline_theta0.50_w1_cd200/INSECTS_abrupt_balanced__ts_drift_adapt__seed18.csv,0.19287755217893163,0.16519474637681159,0.16519474637681159,37,7.001343501050202,0.18930624290747824,0.1889119649816231,0.18905053787787315,0.18820795486755573,0.18779218741288545,0.18563600254525742
AC,INSECTS_abrupt_balanced,sample_idx,19,baseline,A_baseline,20260108-232618-nox_A_baseline_theta0.50_w1_cd200,logs/trackX_insects_gating_sweep/INSECTS_abrupt_balanced/ts_drift_adapt/seed19/20260108-232618-nox_A_baseline_theta0.50_w1_cd200/INSECTS_abrupt_balanced__ts_drift_adapt__seed19.csv,0.19692697787953906,0.14249320652173914,0.14249320652173914,39,7.379794501106969,0.17420607524406886,0.1738433946583767,0.17421885129167317,0.17329683928140416,0.17370052185605353,0.17116876555676694
AC,INSECTS_abrupt_balanced,sample_idx,20,baseline,A_baseline,20260108-232618-nox_A_baseline_theta0.50_w1_cd200,logs/trackX_insects_gating_sweep/INSECTS_abrupt_balanced/ts_drift_adapt/seed20/20260108-232618-nox_A_baseline_theta0.50_w1_cd200/INSECTS_abrupt_balanced__ts_drift_adapt__seed20.csv,0.19200711487880107,0.1484375,0.16741071428571427,40,7.569020001135353,0.18663320760947083,0.18618579999524448,0.18629712065051088,0.18534166797489474,0.18499952994776836,0.18274020652275064
AC,INSECTS_abrupt_balanced,sample_idx,21,baseline,A_baseline,20260108-232618-nox_A_baseline_theta0.50_w1_cd200,logs/trackX_insects_gating_sweep/INSECTS_abrupt_balanced/ts_drift_adapt/seed21/20260108-232618-nox_A_baseline_theta0.50_w1_cd200/INSECTS_abrupt_balanced__ts_drift_adapt__seed21.csv,0.20080610063012092,0.1599298007246377,0.1599298007246377,38,7.190569001078585,0.19206032079303278,0.19177847099650722,0.191932939995951,0.191179874859431,0.19119590553249605,0.18883465357882834
AC,INSECTS_abrupt_balanced,sample_idx,22,baseline,A_baseline,20260108-232618-nox_A_baseline_theta0.50_w1_cd200,logs/trackX_insects_gating_sweep/INSECTS_abrupt_balanced/ts_drift_adapt/seed22/20260108-232618-nox_A_baseline_theta0.50_w1_cd200/INSECTS_abrupt_balanced__ts_drift_adapt__seed22.csv,0.19367229927905086,0.15879755434782608,0.15879755434782608,39,7.379794501106969,0.19151884181914214,0.19109810663086185,0.19130572494149428,0.19039107341107103,0.19028560629816665,0.18789864134265347
AC,INSECTS_abrupt_balanced,sample_idx,23,baseline,A_baseline,20260108-232618-nox_A_baseline_theta0.50_w1_cd200,logs/trackX_insects_gating_sweep/INSECTS_abrupt_balanced/ts_drift_adapt/seed23/20260108-232618-nox_A_baseline_theta0.50_w1_cd200/INSECTS_abrupt_balanced__ts_drift_adapt__seed23.csv,0.19940583192991088,0.16473214285714285,0.16473214285714285,39,7.379794501106969,0.1924048195552453,0.1920050613519874,0.19210869681672946,0.19119556412785715,0.19077257714049378,0.1885411602808013
AC,INSECTS_abrupt_balanced,sample_idx,24,baseline,A_baseline,20260108-232618-nox_A_baseline_theta0.50_w1_cd200,logs/trackX_insects_gating_sweep/INSECTS_abrupt_balanced/ts_drift_adapt/seed24/20260108-232618-nox_A_baseline_theta0.50_w1_cd200/INSECTS_abrupt_balanced__ts_drift_adapt__seed24.csv,0.2018279183302742,0.1171875,0.16997767857142856,40,7.569020001135353,0.1926513218921078,0.19253630422836257,0.19252692542308356,0.19213312090040846,0.19162104551696676,0.18974669603765432
AC,INSECTS_abrupt_balanced,sample_idx,25,baseline,A_baseline,20260108-232618-nox_A_baseline_theta0.50_w1_cd200,logs/trackX_insects_gating_sweep/INSECTS_abrupt_balanced/ts_drift_adapt/seed25/20260108-232618-nox_A_baseline_theta0.50_w1_cd200/INSECTS_abrupt_balanced__ts_drift_adapt__seed25.csv,0.1856680606278502,0.16177083333333334,0.16177083333333334,39,7.379794501106969,0.18102137003274674,0.18058627172861716,0.1809309938867723,0.17994326718057704,0.17999020648378114,0.17756339907153354
AC,INSECTS_abrupt_balanced,sample_idx,26,baseline,A_baseline,20260108-232618-nox_A_baseline_theta0.50_w1_cd200,logs/trackX_insects_gating_sweep/INSECTS_abrupt_balanced/ts_drift_adapt/seed26/20260108-232618-nox_A_baseline_theta0.50_w1_cd200/INSECTS_abrupt_balanced__ts_drift_adapt__seed26.csv,0.2039093988305864,0.1637794384057971,0.1637794384057971,40,7.569020001135353,0.19394224105328514,0.19373819052814364,0.19381026572617074,0.19309476282381063,0.19287474690081272,0.1907443352359037
AC,INSECTS_abrupt_balanced,sample_idx,27,baseline,A_baseline,20260108-232618-nox_A_baseline_theta0.50_w1_cd200,logs/trackX_insects_gating_sweep/INSECTS_abrupt_balanced/ts_drift_adapt/seed27/20260108-232618-nox_A_baseline_theta0.50_w1_cd200/INSECTS_abrupt_balanced__ts_drift_adapt__seed27.csv,0.19774064752966108,0.07421875,0.15557065217391305,40,7.569020001135353,0.1851505603105088,0.1849938632713841,0.1851987413940661,0.18451880456202407,0.18450375595073915,0.18235013695373783
AC,INSECTS_abrupt_balanced,sample_idx,28,baseline,A_baseline,20260108-232618-nox_A_baseline_theta0.50_w1_cd200,logs/trackX_insects_gating_sweep/INSECTS_abrupt_balanced/ts_drift_adapt/seed28/20260108-232618-nox_A_baseline_theta0.50_w1_cd200/INSECTS_abrupt_balanced__ts_drift_adapt__seed28.csv,0.20801559218120233,0.15630661231884058,0.15630661231884058,40,7.569020001135353,0.192983046722757,0.1926335880622879,0.19288789944314874,0.19203087035334576,0.19194548282624493,0.1896564069769728
AC,INSECTS_abrupt_balanced,sample_idx,29,baseline,A_baseline,20260108-232618-nox_A_baseline_theta0.50_w1_cd200,logs/trackX_insects_gating_sweep/INSECTS_abrupt_balanced/ts_drift_adapt/seed29/20260108-232618-nox_A_baseline_theta0.50_w1_cd200/INSECTS_abrupt_balanced__ts_drift_adapt__seed29.csv,0.19658637197948794,0.16445878623188406,0.16445878623188406,39,7.379794501106969,0.18420115515594035,0.1840625309651287,0.18434370281202578,0.1840344720992976,0.18409667890792,0.18270280837469194
AC,INSECTS_abrupt_balanced,sample_idx,30,baseline,A_baseline,20260108-232618-nox_A_baseline_theta0.50_w1_cd200,logs/trackX_insects_gating_sweep/INSECTS_abrupt_balanced/ts_drift_adapt/seed30/20260108-232618-nox_A_baseline_theta0.50_w1_cd200/INSECTS_abrupt_balanced__ts_drift_adapt__seed30.csv,0.20432569493064887,0.17108242753623187,0.17108242753623187,38,7.190569001078585,0.19642710850378162,0.1959742720471229,0.19624285829187316,0.1953014655743,0.1952057111530114,0.19254215683068132
AC,INSECTS_abrupt_balanced,sample_idx,31,baseline,A_baseline,20260108-232618-nox_A_baseline_theta0.50_w1_cd200,logs/trackX_insects_gating_sweep/INSECTS_abrupt_balanced/ts_drift_adapt/seed31/20260108-232618-nox_A_baseline_theta0.50_w1_cd200/INSECTS_abrupt_balanced__ts_drift_adapt__seed31.csv,0.2151872386322781,0.14453125,0.16502490942028986,39,7.379794501106969,0.20228457207539316,0.20186402028696954,0.20199083104413812,0.2010708818317406,0.2009301423228238,0.19815523610977712
AC,INSECTS_abrupt_balanced,sample_idx,32,baseline,A_baseline,20260108-232618-nox_A_baseline_theta0.50_w1_cd200,logs/trackX_insects_gating_sweep/INSECTS_abrupt_balanced/ts_drift_adapt/seed32/20260108-232618-nox_A_baseline_theta0.50_w1_cd200/INSECTS_abrupt_balanced__ts_drift_adapt__seed32.csv,0.19749465437962418,0.14668251811594202,0.14668251811594202,38,7.190569001078585,0.18040357896387582,0.1799752932380662,0.18030223595244943,0.17937222095793118,0.17943764917458832,0.1770681295292395
AC,INSECTS_abrupt_balanced,sample_idx,33,baseline,A_baseline,20260108-232618-nox_A_baseline_theta0.50_w1_cd200,logs/trackX_insects_gating_sweep/INSECTS_abrupt_balanced/ts_drift_adapt/seed33/20260108-232618-nox_A_baseline_theta0.50_w1_cd200/INSECTS_abrupt_balanced__ts_drift_adapt__seed33.csv,0.19533748367930062,0.04296875,0.15869140625,40,7.569020001135353,0.18949366036417417,0.18919024776187998,0.18943892477427968,0.18889803596423602,0.18876757773583874,0.1871045006896856
AC,INSECTS_abrupt_balanced,sample_idx,34,baseline,A_baseline,20260108-232618-nox_A_baseline_theta0.50_w1_cd200,logs/trackX_insects_gating_sweep/INSECTS_abrupt_balanced/ts_drift_adapt/seed34/20260108-232618-nox_A_baseline_theta0.50_w1_cd200/INSECTS_abrupt_balanced__ts_drift_adapt__seed34.csv,0.20250913013037636,0.17040307971014493,0.17040307971014493,41,7.758245501163737,0.1907277673971618,0.19057268809417122,0.19065629797574798,0.1901112740573113,0.18989185606387446,0.18781070643491943
AC,INSECTS_abrupt_balanced,sample_idx,35,baseline,A_baseline,20260108-232618-nox_A_baseline_theta0.50_w1_cd200,logs/trackX_insects_gating_sweep/INSECTS_abrupt_balanced/ts_drift_adapt/seed35/20260108-232618-nox_A_baseline_theta0.50_w1_cd200/INSECTS_abrupt_balanced__ts_drift_adapt__seed35.csv,0.20916986773137547,0.16015625,0.16259057971014493,40,7.569020001135353,0.1956371346024114,0.19524461290910614,0.1954818591448341,0.19461127314818882,0.19450946787013415,0.19194574406874818
AC,INSECTS_abrupt_balanced,sample_idx,36,baseline,A_baseline,20260108-232618-nox_A_baseline_theta0.50_w1_cd200,logs/trackX_insects_gating_sweep/INSECTS_abrupt_balanced/ts_drift_adapt/seed36/20260108-232618-nox_A_baseline_theta0.50_w1_cd200/INSECTS_abrupt_balanced__ts_drift_adapt__seed36.csv,0.19219634037882946,0.15251358695652173,0.15251358695652173,37,7.001343501050202,0.17967865534715402,0.17930539067697585,0.17962197697719523,0.17880061459573682,0.17880533595591505,0.17648100570009143
AC,INSECTS_abrupt_balanced,sample_idx,37,baseline,A_baseline,20260108-232618-nox_A_baseline_theta0.50_w1_cd200,logs/trackX_insects_gating_sweep/INSECTS_abrupt_balanced/ts_drift_adapt/seed37/20260108-232618-nox_A_baseline_theta0.50_w1_cd200/INSECTS_abrupt_balanced__ts_drift_adapt__seed37.csv,0.19652960432947944,0.16615715579710144,0.16615715579710144,39,7.379794501106969,0.1923497515558582,0.1919325572708084,0.1919789707808362,0.19113197723350453,0.19059242234448176,0.18833514452173974
AC,INSECTS_abrupt_balanced,sample_idx,38,baseline,A_baseline,20260108-232618-nox_A_baseline_theta0.50_w1_cd200,logs/trackX_insects_gating_sweep/INSECTS_abrupt_balanced/ts_drift_adapt/seed38/20260108-232618-nox_A_baseline_theta0.50_w1_cd200/INSECTS_abrupt_balanced__ts_drift_adapt__seed38.csv,0.19828940147974342,0.15552455357142858,0.15552455357142858,38,7.190569001078585,0.1808792814076253,0.18055535088232322,0.18081614154153985,0.18001427475725018,0.17995487757436038,0.1776518489715627
AC,INSECTS_abrupt_balanced,sample_idx,39,baseline,A_baseline,20260108-232618-nox_A_baseline_theta0.50_w1_cd200,logs/trackX_insects_gating_sweep/INSECTS_abrupt_balanced/ts_drift_adapt/seed39/20260108-232618-nox_A_baseline_theta0.50_w1_cd200/INSECTS_abrupt_balanced__ts_drift_adapt__seed39.csv,0.19111775502866765,0.1548346920289855,0.1548346920289855,38,7.190569001078585,0.1851506122656577,0.18473213786869014,0.18512879830927256,0.1841221144905487,0.1845533828899805,0.18183847681231358
AC,INSECTS_abrupt_balanced,sample_idx,40,baseline,A_baseline,20260108-232618-nox_A_baseline_theta0.50_w1_cd200,logs/trackX_insects_gating_sweep/INSECTS_abrupt_balanced/ts_drift_adapt/seed40/20260108-232618-nox_A_baseline_theta0.50_w1_cd200/INSECTS_abrupt_balanced__ts_drift_adapt__seed40.csv,0.1984407818797661,0.12890625,0.1610054347826087,39,7.379794501106969,0.190438371073734,0.19014911974729334,0.19028783209953118,0.18954095474316113,0.1892380988820164,0.18716960409957867
AC,INSECTS_abrupt_balanced,sample_idx,1,v2,B_v2,20260108-234327-id8_B_v2_theta0.50_w1_cd200,logs/trackX_insects_gating_sweep/INSECTS_abrupt_balanced/ts_drift_adapt_severity/seed1/20260108-234327-id8_B_v2_theta0.50_w1_cd200/INSECTS_abrupt_balanced__ts_drift_adapt_severity__seed1.csv,0.22345639298351846,0.068359375,0.13916015625,40,7.569020001135353,0.2038637476991019,0.2034010922450059,0.2036821303263155,0.20274872825679166,0.20279215003918696,0.20012174058502719
AC,INSECTS_abrupt_balanced,sample_idx,2,v2,B_v2,20260108-234327-id8_B_v2_theta0.50_w1_cd200,logs/trackX_insects_gating_sweep/INSECTS_abrupt_balanced/ts_drift_adapt_severity/seed2/20260108-234327-id8_B_v2_theta0.50_w1_cd200/INSECTS_abrupt_balanced__ts_drift_adapt_severity__seed2.csv,0.19546994152932048,0.173828125,0.173828125,39,7.379794501106969,0.20184615090690156,0.20168611565175393,0.20177775854410757,0.20103088844544184,0.2007317473005501,0.19859318666981632
AC,INSECTS_abrupt_balanced,sample_idx,3,v2,B_v2,20260108-234327-id8_B_v2_theta0.50_w1_cd200,logs/trackX_insects_gating_sweep/INSECTS_abrupt_balanced/ts_drift_adapt_severity/seed3/20260108-234327-id8_B_v2_theta0.50_w1_cd200/INSECTS_abrupt_balanced__ts_drift_adapt_severity__seed3.csv,0.19766495732964975,0.08984375,0.16495535714285714,38,7.190569001078585,0.19028253712256726,0.1899414680255577,0.19010736196250433,0.18934645195661295,0.18901476982802654,0.18692044894188484
AC,INSECTS_abrupt_balanced,sample_idx,4,v2,B_v2,20260108-234327-id8_B_v2_theta0.50_w1_cd200,logs/trackX_insects_gating_sweep/INSECTS_abrupt_balanced/ts_drift_adapt_severity/seed4/20260108-234327-id8_B_v2_theta0.50_w1_cd200/INSECTS_abrupt_balanced__ts_drift_adapt_severity__seed4.csv,0.21161087668174164,0.19140625,0.19268973214285715,37,7.001343501050202,0.21345749123099098,0.21296826196219448,0.2130166269787117,0.21212703582033052,0.21145029617489502,0.2089268108234455
AC,INSECTS_abrupt_balanced,sample_idx,5,v2,B_v2,20260108-234327-id8_B_v2_theta0.50_w1_cd200,logs/trackX_insects_gating_sweep/INSECTS_abrupt_balanced/ts_drift_adapt_severity/seed5/20260108-234327-id8_B_v2_theta0.50_w1_cd200/INSECTS_abrupt_balanced__ts_drift_adapt_severity__seed5.csv,0.2031146517304672,0.15330615942028986,0.15330615942028986,40,7.569020001135353,0.18438389883095244,0.18398312407069345,0.18413128631114187,0.18335585206787944,0.183151575325323,0.1810848721412244
AC,INSECTS_abrupt_balanced,sample_idx,6,v2,B_v2,20260108-234327-id8_B_v2_theta0.50_w1_cd200,logs/trackX_insects_gating_sweep/INSECTS_abrupt_balanced/ts_drift_adapt_severity/seed6/20260108-234327-id8_B_v2_theta0.50_w1_cd200/INSECTS_abrupt_balanced__ts_drift_adapt_severity__seed6.csv,0.20565027343084755,0.03125,0.14453125,40,7.569020001135353,0.1916134012551196,0.19120401600022363,0.19149813240890728,0.1905990152696567,0.1904721745128687,0.188222266547569
AC,INSECTS_abrupt_balanced,sample_idx,7,v2,B_v2,20260108-234327-id8_B_v2_theta0.50_w1_cd200,logs/trackX_insects_gating_sweep/INSECTS_abrupt_balanced/ts_drift_adapt_severity/seed7/20260108-234327-id8_B_v2_theta0.50_w1_cd200/INSECTS_abrupt_balanced__ts_drift_adapt_severity__seed7.csv,0.20239559483035935,0.15885416666666666,0.15885416666666666,41,7.758245501163737,0.19095716097511575,0.19059901658563685,0.1908595388744085,0.18997712149504656,0.18997137188757504,0.18764976576461878
AC,INSECTS_abrupt_balanced,sample_idx,8,v2,B_v2,20260108-234327-id8_B_v2_theta0.50_w1_cd200,logs/trackX_insects_gating_sweep/INSECTS_abrupt_balanced/ts_drift_adapt_severity/seed8/20260108-234327-id8_B_v2_theta0.50_w1_cd200/INSECTS_abrupt_balanced__ts_drift_adapt_severity__seed8.csv,0.2134652865820198,0.17391304347826086,0.17391304347826086,40,7.569020001135353,0.19745663311705705,0.19716115255500322,0.197353236436911,0.1965530779295193,0.1964954677193166,0.1941889401840256
AC,INSECTS_abrupt_balanced,sample_idx,9,v2,B_v2,20260108-234327-id8_B_v2_theta0.50_w1_cd200,logs/trackX_insects_gating_sweep/INSECTS_abrupt_balanced/ts_drift_adapt_severity/seed9/20260108-234327-id8_B_v2_theta0.50_w1_cd200/INSECTS_abrupt_balanced__ts_drift_adapt_severity__seed9.csv,0.1925180237288777,0.1484375,0.15075860507246377,36,6.812118001021818,0.18409125300919582,0.1837746107882708,0.18383355214907462,0.183054702853197,0.18276832583406277,0.18061928587071513
AC,INSECTS_abrupt_balanced,sample_idx,10,v2,B_v2,20260108-234327-id8_B_v2_theta0.50_w1_cd200,logs/trackX_insects_gating_sweep/INSECTS_abrupt_balanced/ts_drift_adapt_severity/seed10/20260108-234327-id8_B_v2_theta0.50_w1_cd200/INSECTS_abrupt_balanced__ts_drift_adapt_severity__seed10.csv,0.20269835563040475,0.125,0.1681951992753623,38,7.190569001078585,0.19174408418392225,0.19158992064517244,0.1917493853978241,0.19121048245113387,0.19115272417556592,0.18909062633265877
AC,INSECTS_abrupt_balanced,sample_idx,11,v2,B_v2,20260108-234327-id8_B_v2_theta0.50_w1_cd200,logs/trackX_insects_gating_sweep/INSECTS_abrupt_balanced/ts_drift_adapt_severity/seed11/20260108-234327-id8_B_v2_theta0.50_w1_cd200/INSECTS_abrupt_balanced__ts_drift_adapt_severity__seed11.csv,0.21337067383200561,0.17181919642857144,0.17181919642857144,39,7.379794501106969,0.19944483222494253,0.19899618769422758,0.19925412010188176,0.19831516278815559,0.19820526734405758,0.19577206357840088
AC,INSECTS_abrupt_balanced,sample_idx,12,v2,B_v2,20260108-234327-id8_B_v2_theta0.50_w1_cd200,logs/trackX_insects_gating_sweep/INSECTS_abrupt_balanced/ts_drift_adapt_severity/seed12/20260108-234327-id8_B_v2_theta0.50_w1_cd200/INSECTS_abrupt_balanced__ts_drift_adapt_severity__seed12.csv,0.21000245993150038,0.16796875,0.17667410714285714,39,7.379794501106969,0.1963239314153054,0.1958595330457156,0.1961266370863947,0.19516252654367,0.19515626976477934,0.1925585700599466
AC,INSECTS_abrupt_balanced,sample_idx,13,v2,B_v2,20260108-234327-id8_B_v2_theta0.50_w1_cd200,logs/trackX_insects_gating_sweep/INSECTS_abrupt_balanced/ts_drift_adapt_severity/seed13/20260108-234327-id8_B_v2_theta0.50_w1_cd200/INSECTS_abrupt_balanced__ts_drift_adapt_severity__seed13.csv,0.20273620073041043,0.13671875,0.157325634057971,38,7.190569001078585,0.1937108488327285,0.19326199260175134,0.19360003150456212,0.19264238053278582,0.19276374445242941,0.19016154050867604
AC,INSECTS_abrupt_balanced,sample_idx,14,v2,B_v2,20260108-234327-id8_B_v2_theta0.50_w1_cd200,logs/trackX_insects_gating_sweep/INSECTS_abrupt_balanced/ts_drift_adapt_severity/seed14/20260108-234327-id8_B_v2_theta0.50_w1_cd200/INSECTS_abrupt_balanced__ts_drift_adapt_severity__seed14.csv,0.21904743883285713,0.1626471920289855,0.1626471920289855,40,7.569020001135353,0.20187329386492414,0.20143980089568142,0.201631605291436,0.20078319681510065,0.20051401182054018,0.19824865197477481
AC,INSECTS_abrupt_balanced,sample_idx,15,v2,B_v2,20260108-234327-id8_B_v2_theta0.50_w1_cd200,logs/trackX_insects_gating_sweep/INSECTS_abrupt_balanced/ts_drift_adapt_severity/seed15/20260108-234327-id8_B_v2_theta0.50_w1_cd200/INSECTS_abrupt_balanced__ts_drift_adapt_severity__seed15.csv,0.20644502053096675,0.12890625,0.1666294642857143,39,7.379794501106969,0.1973587858062624,0.19697292223379664,0.19717660823770902,0.19628201653462063,0.196207350715215,0.19382098445229617
AC,INSECTS_abrupt_balanced,sample_idx,16,v2,B_v2,20260108-234327-id8_B_v2_theta0.50_w1_cd200,logs/trackX_insects_gating_sweep/INSECTS_abrupt_balanced/ts_drift_adapt_severity/seed16/20260108-234327-id8_B_v2_theta0.50_w1_cd200/INSECTS_abrupt_balanced__ts_drift_adapt_severity__seed16.csv,0.18587620867788143,0.0859375,0.153419384057971,39,7.379794501106969,0.1790131302916195,0.178612225817158,0.17889548086116405,0.17800768169091605,0.1779539840754361,0.1756982093587049
AC,INSECTS_abrupt_balanced,sample_idx,17,v2,B_v2,20260108-234327-id8_B_v2_theta0.50_w1_cd200,logs/trackX_insects_gating_sweep/INSECTS_abrupt_balanced/ts_drift_adapt_severity/seed17/20260108-234327-id8_B_v2_theta0.50_w1_cd200/INSECTS_abrupt_balanced__ts_drift_adapt_severity__seed17.csv,0.20396616648059493,0.15415534420289856,0.15415534420289856,39,7.379794501106969,0.1829868174906326,0.1826650905361592,0.18299723635750795,0.1822162484847273,0.1823187670400881,0.17995824397903085
AC,INSECTS_abrupt_balanced,sample_idx,18,v2,B_v2,20260108-234327-id8_B_v2_theta0.50_w1_cd200,logs/trackX_insects_gating_sweep/INSECTS_abrupt_balanced/ts_drift_adapt_severity/seed18/20260108-234327-id8_B_v2_theta0.50_w1_cd200/INSECTS_abrupt_balanced__ts_drift_adapt_severity__seed18.csv,0.18633034987794955,0.1590625,0.1590625,38,7.190569001078585,0.17456538730638074,0.174236698476909,0.17446838986330332,0.17367165062477577,0.17349395099344356,0.17133042282009456
AC,INSECTS_abrupt_balanced,sample_idx,19,v2,B_v2,20260108-234327-id8_B_v2_theta0.50_w1_cd200,logs/trackX_insects_gating_sweep/INSECTS_abrupt_balanced/ts_drift_adapt_severity/seed19/20260108-234327-id8_B_v2_theta0.50_w1_cd200/INSECTS_abrupt_balanced__ts_drift_adapt_severity__seed19.csv,0.1919314246787897,0.11328125,0.15302309782608695,40,7.569020001135353,0.1774608366243702,0.17707899338200628,0.17727584812284386,0.1764571809228073,0.17644287740642764,0.17407432384896257
AC,INSECTS_abrupt_balanced,sample_idx,20,v2,B_v2,20260108-234327-id8_B_v2_theta0.50_w1_cd200,logs/trackX_insects_gating_sweep/INSECTS_abrupt_balanced/ts_drift_adapt_severity/seed20/20260108-234327-id8_B_v2_theta0.50_w1_cd200/INSECTS_abrupt_balanced__ts_drift_adapt_severity__seed20.csv,0.18651957537797795,0.15692934782608695,0.15692934782608695,39,7.379794501106969,0.18305565042307495,0.18274632010276695,0.18272976973859628,0.18196005233875548,0.1814069946161878,0.17917648992057225
AC,INSECTS_abrupt_balanced,sample_idx,21,v2,B_v2,20260108-234327-id8_B_v2_theta0.50_w1_cd200,logs/trackX_insects_gating_sweep/INSECTS_abrupt_balanced/ts_drift_adapt_severity/seed21/20260108-234327-id8_B_v2_theta0.50_w1_cd200/INSECTS_abrupt_balanced__ts_drift_adapt_severity__seed21.csv,0.19539425132930913,0.140625,0.16082589285714285,38,7.190569001078585,0.1922245708926814,0.1917910467280079,0.19206373703365806,0.1911443268536396,0.19116352738400852,0.1886804912116897
AC,INSECTS_abrupt_balanced,sample_idx,22,v2,B_v2,20260108-234327-id8_B_v2_theta0.50_w1_cd200,logs/trackX_insects_gating_sweep/INSECTS_abrupt_balanced/ts_drift_adapt_severity/seed22/20260108-234327-id8_B_v2_theta0.50_w1_cd200/INSECTS_abrupt_balanced__ts_drift_adapt_severity__seed22.csv,0.19287755217893163,0.15477807971014493,0.15477807971014493,39,7.379794501106969,0.18193056492188775,0.181492911385677,0.18191704981445,0.18088320720922615,0.18121411398277948,0.17860713611694742
AC,INSECTS_abrupt_balanced,sample_idx,23,v2,B_v2,20260108-234327-id8_B_v2_theta0.50_w1_cd200,logs/trackX_insects_gating_sweep/INSECTS_abrupt_balanced/ts_drift_adapt_severity/seed23/20260108-234327-id8_B_v2_theta0.50_w1_cd200/INSECTS_abrupt_balanced__ts_drift_adapt_severity__seed23.csv,0.1996707476299506,0.046875,0.1572265625,39,7.379794501106969,0.19130964612989765,0.1908673362956043,0.1909918427759074,0.19009369621948685,0.1896149056460414,0.1873776685411007
AC,INSECTS_abrupt_balanced,sample_idx,24,v2,B_v2,20260108-234327-id8_B_v2_theta0.50_w1_cd200,logs/trackX_insects_gating_sweep/INSECTS_abrupt_balanced/ts_drift_adapt_severity/seed24/20260108-234327-id8_B_v2_theta0.50_w1_cd200/INSECTS_abrupt_balanced__ts_drift_adapt_severity__seed24.csv,0.19382367967907355,0.16744791666666667,0.16744791666666667,40,7.569020001135353,0.18611874746214538,0.18575318784957154,0.18595722817466345,0.18510526631245874,0.18481532778347154,0.18254818253402055
AC,INSECTS_abrupt_balanced,sample_idx,25,v2,B_v2,20260108-234327-id8_B_v2_theta0.50_w1_cd200,logs/trackX_insects_gating_sweep/INSECTS_abrupt_balanced/ts_drift_adapt_severity/seed25/20260108-234327-id8_B_v2_theta0.50_w1_cd200/INSECTS_abrupt_balanced__ts_drift_adapt_severity__seed25.csv,0.20568811853085323,0.15234375,0.16847826086956522,38,7.190569001078585,0.19593792974333568,0.19551303603829742,0.19574485846775402,0.19484890504764868,0.19463665846267098,0.19236601393922792
AC,INSECTS_abrupt_balanced,sample_idx,26,v2,B_v2,20260108-234327-id8_B_v2_theta0.50_w1_cd200,logs/trackX_insects_gating_sweep/INSECTS_abrupt_balanced/ts_drift_adapt_severity/seed26/20260108-234327-id8_B_v2_theta0.50_w1_cd200/INSECTS_abrupt_balanced__ts_drift_adapt_severity__seed26.csv,0.20600980188090148,0.1484375,0.17371651785714284,38,7.190569001078585,0.20025845654839547,0.19977670812900764,0.1999899591142513,0.1990895186199486,0.1988266844249255,0.19641005670994452
AC,INSECTS_abrupt_balanced,sample_idx,27,v2,B_v2,20260108-234327-id8_B_v2_theta0.50_w1_cd200,logs/trackX_insects_gating_sweep/INSECTS_abrupt_balanced/ts_drift_adapt_severity/seed27/20260108-234327-id8_B_v2_theta0.50_w1_cd200/INSECTS_abrupt_balanced__ts_drift_adapt_severity__seed27.csv,0.20143054478021458,0.15625,0.16171875,39,7.379794501106969,0.18921017948013097,0.188865802319792,0.1890304537669336,0.18826833556058686,0.18800194372821322,0.18584856071413025
AC,INSECTS_abrupt_balanced,sample_idx,28,v2,B_v2,20260108-234327-id8_B_v2_theta0.50_w1_cd200,logs/trackX_insects_gating_sweep/INSECTS_abrupt_balanced/ts_drift_adapt_severity/seed28/20260108-234327-id8_B_v2_theta0.50_w1_cd200/INSECTS_abrupt_balanced__ts_drift_adapt_severity__seed28.csv,0.2007493329801124,0.15234375,0.15234375,39,7.379794501106969,0.1883423870982381,0.18792477574281002,0.1883095826548472,0.18733895239389126,0.18757055830734032,0.1850550853495814
AC,INSECTS_abrupt_balanced,sample_idx,29,v2,B_v2,20260108-234327-id8_B_v2_theta0.50_w1_cd200,logs/trackX_insects_gating_sweep/INSECTS_abrupt_balanced/ts_drift_adapt_severity/seed29/20260108-234327-id8_B_v2_theta0.50_w1_cd200/INSECTS_abrupt_balanced__ts_drift_adapt_severity__seed29.csv,0.2094726285314209,0.1790736607142857,0.1790736607142857,38,7.190569001078585,0.201604950219923,0.20153562091471705,0.20159063160140564,0.20128708732900238,0.20092385110495303,0.19932740774692304
AC,INSECTS_abrupt_balanced,sample_idx,30,v2,B_v2,20260108-234327-id8_B_v2_theta0.50_w1_cd200,logs/trackX_insects_gating_sweep/INSECTS_abrupt_balanced/ts_drift_adapt_severity/seed30/20260108-234327-id8_B_v2_theta0.50_w1_cd200/INSECTS_abrupt_balanced__ts_drift_adapt_severity__seed30.csv,0.1871818646280773,0.16077898550724637,0.16077898550724637,38,7.190569001078585,0.184877061848641,0.1844619854815031,0.18467493144978298,0.1838203207968883,0.18366100213319606,0.18137791082730156
AC,INSECTS_abrupt_balanced,sample_idx,31,v2,B_v2,20260108-234327-id8_B_v2_theta0.50_w1_cd200,logs/trackX_insects_gating_sweep/INSECTS_abrupt_balanced/ts_drift_adapt_severity/seed31/20260108-234327-id8_B_v2_theta0.50_w1_cd200/INSECTS_abrupt_balanced__ts_drift_adapt_severity__seed31.csv,0.2060287244309043,0.0546875,0.16542119565217392,39,7.379794501106969,0.19620853696123403,0.19575003721068485,0.19591784504314982,0.1949699046327758,0.19462577153974273,0.19230272506993218
AC,INSECTS_abrupt_balanced,sample_idx,32,v2,B_v2,20260108-234327-id8_B_v2_theta0.50_w1_cd200,logs/trackX_insects_gating_sweep/INSECTS_abrupt_balanced/ts_drift_adapt_severity/seed32/20260108-234327-id8_B_v2_theta0.50_w1_cd200/INSECTS_abrupt_balanced__ts_drift_adapt_severity__seed32.csv,0.20095748103014363,0.15362870065789475,0.15362870065789475,39,7.379794501106969,0.18504882120874094,0.18465945111531998,0.1850811922975714,0.18406175605395236,0.18439150389450068,0.18148375950012535
AC,INSECTS_abrupt_balanced,sample_idx,33,v2,B_v2,20260108-234327-id8_B_v2_theta0.50_w1_cd200,logs/trackX_insects_gating_sweep/INSECTS_abrupt_balanced/ts_drift_adapt_severity/seed33/20260108-234327-id8_B_v2_theta0.50_w1_cd200/INSECTS_abrupt_balanced__ts_drift_adapt_severity__seed33.csv,0.20635040778095257,0.1484375,0.17125,39,7.379794501106969,0.19434415163386826,0.19417624599881,0.19446361225321915,0.19410410251546695,0.19414688699594215,0.19208399225127679
AC,INSECTS_abrupt_balanced,sample_idx,34,v2,B_v2,20260108-234327-id8_B_v2_theta0.50_w1_cd200,logs/trackX_insects_gating_sweep/INSECTS_abrupt_balanced/ts_drift_adapt_severity/seed34/20260108-234327-id8_B_v2_theta0.50_w1_cd200/INSECTS_abrupt_balanced__ts_drift_adapt_severity__seed34.csv,0.1953185611292978,0.16191123188405798,0.16191123188405798,40,7.569020001135353,0.18635514860033706,0.18626298002100475,0.186324973069225,0.18572658208761195,0.18550308790575967,0.1833794691605202
AC,INSECTS_abrupt_balanced,sample_idx,35,v2,B_v2,20260108-234327-id8_B_v2_theta0.50_w1_cd200,logs/trackX_insects_gating_sweep/INSECTS_abrupt_balanced/ts_drift_adapt_severity/seed35/20260108-234327-id8_B_v2_theta0.50_w1_cd200/INSECTS_abrupt_balanced__ts_drift_adapt_severity__seed35.csv,0.2166631975324995,0.16423233695652173,0.16423233695652173,40,7.569020001135353,0.19805863091958695,0.1976402486697023,0.19786378393554463,0.19697703185131651,0.19696358103963213,0.19439170841855122
AC,INSECTS_abrupt_balanced,sample_idx,36,v2,B_v2,20260108-234327-id8_B_v2_theta0.50_w1_cd200,logs/trackX_insects_gating_sweep/INSECTS_abrupt_balanced/ts_drift_adapt_severity/seed36/20260108-234327-id8_B_v2_theta0.50_w1_cd200/INSECTS_abrupt_balanced__ts_drift_adapt_severity__seed36.csv,0.19713512592957028,0.1484375,0.16266741071428573,39,7.379794501106969,0.18907257901039767,0.1887900877411653,0.18892615536952945,0.18824581538581753,0.1879431512673743,0.18583337223150262
AC,INSECTS_abrupt_balanced,sample_idx,37,v2,B_v2,20260108-234327-id8_B_v2_theta0.50_w1_cd200,logs/trackX_insects_gating_sweep/INSECTS_abrupt_balanced/ts_drift_adapt_severity/seed37/20260108-234327-id8_B_v2_theta0.50_w1_cd200/INSECTS_abrupt_balanced__ts_drift_adapt_severity__seed37.csv,0.19968967017995345,0.1484375,0.157325634057971,40,7.569020001135353,0.18482165222693817,0.18448768704496943,0.1845341107616414,0.18380441533801634,0.1834090610857974,0.18139186261493245
AC,INSECTS_abrupt_balanced,sample_idx,38,v2,B_v2,20260108-234327-id8_B_v2_theta0.50_w1_cd200,logs/trackX_insects_gating_sweep/INSECTS_abrupt_balanced/ts_drift_adapt_severity/seed38/20260108-234327-id8_B_v2_theta0.50_w1_cd200/INSECTS_abrupt_balanced__ts_drift_adapt_severity__seed38.csv,0.2012413192801862,0.16015625,0.17302083333333335,39,7.379794501106969,0.18771735743790538,0.1874991613302325,0.18793003246896262,0.1874991613302325,0.18792119940306387,0.18682510591829346
AC,INSECTS_abrupt_balanced,sample_idx,39,v2,B_v2,20260108-234327-id8_B_v2_theta0.50_w1_cd200,logs/trackX_insects_gating_sweep/INSECTS_abrupt_balanced/ts_drift_adapt_severity/seed39/20260108-234327-id8_B_v2_theta0.50_w1_cd200/INSECTS_abrupt_balanced__ts_drift_adapt_severity__seed39.csv,0.19855431717978314,0.15723958333333332,0.15723958333333332,39,7.379794501106969,0.18346670211945515,0.18313849433919444,0.1834595021833665,0.18255883514866258,0.1827298607948853,0.18025550848045327
AC,INSECTS_abrupt_balanced,sample_idx,40,v2,B_v2,20260108-234327-id8_B_v2_theta0.50_w1_cd200,logs/trackX_insects_gating_sweep/INSECTS_abrupt_balanced/ts_drift_adapt_severity/seed40/20260108-234327-id8_B_v2_theta0.50_w1_cd200/INSECTS_abrupt_balanced__ts_drift_adapt_severity__seed40.csv,0.20146838988022026,0.16310009057971014,0.16310009057971014,38,7.190569001078585,0.19335850517653855,0.19303685895294212,0.1930850685506037,0.19221302861840883,0.1918552892756869,0.18956447290041753
