step,seen_samples,sample_idx,dataset_name,dataset_type,model_variant,seed,monitor_preset,trigger_mode,trigger_k,trigger_threshold,trigger_weights,metric_accuracy,metric_kappa,student_error_rate,teacher_entropy,divergence_js,drift_flag,monitor_severity,monitor_fused_severity,monitor_vote_count,monitor_vote_score,drift_severity_raw,drift_severity,severity_carry,use_severity_v2,entropy_mode,decay,freeze_baseline_steps,regime,alpha,lr,lambda_u,tau,timestamp,supervised_loss,unsupervised_loss
1,256,255,INSECTS_abrupt_balanced,insects_real,ts_drift_adapt_severity,2,error_divergence_ph_meta,or,2,0.5,,0.1640625,0.009581661062298876,1.0,1.7337942123413086,0.00771958427503705,0,0.0,0.0,0,0.0,0.0,0.0,0.0,0,overconfident,0.95,0,mild_drift,0.96,0.00115,0.45,0.78,1767764406.3892431,1.9613962173461914,0.031202180311083794
2,512,511,INSECTS_abrupt_balanced,insects_real,ts_drift_adapt_severity,2,error_divergence_ph_meta,or,2,0.5,,0.16796875,-0.0031735518944725006,0.9166666666666666,1.7335902452468872,0.009334437549114227,0,0.0,0.08333333333333337,0,0.0,0.0,0.0,0.0,0,overconfident,0.95,0,mild_drift,0.955,0.001225,0.42500000000000004,0.77,1767764406.4006636,1.8262251615524292,0.03735541179776192
3,768,767,INSECTS_abrupt_balanced,insects_real,ts_drift_adapt_severity,2,error_divergence_ph_meta,or,2,0.5,,0.17317708333333334,-0.005486383007675977,1.0,1.7363091707229614,0.013341682963073254,0,0.0,0.08333333333333337,0,0.0,0.0,0.0,0.0,0,overconfident,0.95,0,mild_drift,0.9524999999999999,0.0012625000000000002,0.41250000000000003,0.765,1767764406.4119952,1.8448448181152344,0.05408954247832298
4,1024,1023,INSECTS_abrupt_balanced,insects_real,ts_drift_adapt_severity,2,error_divergence_ph_meta,or,2,0.5,,0.1787109375,-0.009328137361188432,0.9166666666666666,1.7404979467391968,0.018383855000138283,0,0.0,0.08333333333333337,0,0.0,0.0,0.0,0.0,0,overconfident,0.95,0,mild_drift,0.9512499999999999,0.0012812500000000003,0.40625,0.7625,1767764406.4221747,1.8068008422851562,0.0750359296798706
5,1280,1279,INSECTS_abrupt_balanced,insects_real,ts_drift_adapt_severity,2,error_divergence_ph_meta,or,2,0.5,,0.1765625,-0.011598986541456502,0.75,1.7414605617523193,0.019183654338121414,0,0.0,0.16666666666666663,0,0.0,0.0,0.0,0.0,0,overconfident,0.95,0,mild_drift,0.9506249999999999,0.001290625,0.403125,0.76125,1767764406.4334693,1.7038925886154175,0.07885315269231796
6,1536,1535,INSECTS_abrupt_balanced,insects_real,ts_drift_adapt_severity,2,error_divergence_ph_meta,or,2,0.5,,0.17903645833333334,-0.008166220506171365,0.6666666666666666,1.7460529804229736,0.019920501857995987,0,0.0,0.08333333333333337,0,0.0,0.0,0.0,0.0,0,overconfident,0.95,0,mild_drift,0.9503124999999999,0.0012953125,0.40156250000000004,0.760625,1767764406.4438815,1.7138323783874512,0.08139494061470032
7,1792,1791,INSECTS_abrupt_balanced,insects_real,ts_drift_adapt_severity,2,error_divergence_ph_meta,or,2,0.5,,0.18638392857142858,-1.4161600704848957e-05,0.9166666666666666,1.7484720945358276,0.02013438381254673,0,0.0,0.25,0,0.0,0.0,0.0,0.0,0,overconfident,0.95,0,mild_drift,0.9501562499999999,0.0012976562500000002,0.40078125000000003,0.7603125,1767764406.4542103,1.8493624925613403,0.08220525085926056
8,2048,2047,INSECTS_abrupt_balanced,insects_real,ts_drift_adapt_severity,2,error_divergence_ph_meta,or,2,0.5,,0.185546875,-0.0025927219471535527,0.6666666666666666,1.7507150173187256,0.01808728091418743,0,0.0,0.25,0,0.0,0.0,0.0,0.0,0,overconfident,0.95,0,mild_drift,0.9500781249999999,0.001298828125,0.400390625,0.76015625,1767764406.4663372,1.6620584726333618,0.07430771738290787
9,2304,2303,INSECTS_abrupt_balanced,insects_real,ts_drift_adapt_severity,2,error_divergence_ph_meta,or,2,0.5,,0.1935763888888889,0.006416651077248167,0.5,1.751360535621643,0.016821520403027534,0,0.0,0.16666666666666663,0,0.0,0.0,0.0,0.0,0,overconfident,0.95,0,mild_drift,0.9500390624999999,0.0012994140625,0.4001953125,0.7600781249999999,1767764406.4775035,1.627545714378357,0.06988634169101715
10,2560,2559,INSECTS_abrupt_balanced,insects_real,ts_drift_adapt_severity,2,error_divergence_ph_meta,or,2,0.5,,0.19609375,0.008430770099420804,0.75,1.7527638673782349,0.018149573355913162,0,0.0,0.25,0,0.0,0.0,0.0,0.0,0,overconfident,0.95,0,mild_drift,0.9500195312499999,0.0012997070312500002,0.40009765625000004,0.7600390625,1767764406.4884548,1.6246579885482788,0.07651358097791672
11,2816,2815,INSECTS_abrupt_balanced,insects_real,ts_drift_adapt_severity,2,error_divergence_ph_meta,or,2,0.5,,0.19282670454545456,0.004636902453368998,1.0,1.753556251525879,0.017234954982995987,0,0.0,0.25,0,0.0,0.0,0.0,0.0,0,overconfident,0.95,0,mild_drift,0.950009765625,0.0012998535156250003,0.40004882812500003,0.76001953125,1767764406.4992592,1.8101009130477905,0.07218405604362488
12,3072,3071,INSECTS_abrupt_balanced,insects_real,ts_drift_adapt_severity,2,error_divergence_ph_meta,or,2,0.5,,0.19368489583333334,0.0057475619769271815,0.9166666666666666,1.7507959604263306,0.016408612951636314,0,0.0,0.08333333333333337,0,0.0,0.0,0.0,0.0,0,overconfident,0.95,0,mild_drift,0.9500048828125,0.0012999267578125001,0.4000244140625,0.760009765625,1767764406.5112526,1.8276633024215698,0.06949316710233688
13,3328,3327,INSECTS_abrupt_balanced,insects_real,ts_drift_adapt_severity,2,error_divergence_ph_meta,or,2,0.5,,0.1935096153846154,0.0052671323790049965,0.5833333333333334,1.7479585409164429,0.015222517773509026,0,0.0,0.33333333333333326,0,0.0,0.0,0.0,0.0,0,overconfident,0.95,0,mild_drift,0.95000244140625,0.00129996337890625,0.40001220703125,0.7600048828125,1767764406.524925,1.7548445463180542,0.06394080817699432
14,3584,3583,INSECTS_abrupt_balanced,insects_real,ts_drift_adapt_severity,2,error_divergence_ph_meta,or,2,0.5,,0.19754464285714285,0.009999999039542138,0.6666666666666666,1.7480785846710205,0.013906226493418217,0,0.0,0.08333333333333326,0,0.0,0.0,0.0,0.0,0,overconfident,0.95,0,mild_drift,0.950001220703125,0.0012999816894531252,0.40000610351562504,0.7600024414062501,1767764406.538633,1.5775295495986938,0.058282092213630676
15,3840,3839,INSECTS_abrupt_balanced,insects_real,ts_drift_adapt_severity,2,error_divergence_ph_meta,or,2,0.5,,0.19947916666666668,0.011822888312804258,0.5833333333333334,1.7477269172668457,0.013486525975167751,0,0.0,0.08333333333333326,0,0.0,0.0,0.0,0.0,0,overconfident,0.95,0,mild_drift,0.9500006103515625,0.0012999908447265626,0.40000305175781253,0.760001220703125,1767764406.5519154,1.5817230939865112,0.056760214269161224
16,4096,4095,INSECTS_abrupt_balanced,insects_real,ts_drift_adapt_severity,2,error_divergence_ph_meta,or,2,0.5,,0.200439453125,0.012638280066288315,0.8333333333333334,1.7460601329803467,0.01253112219274044,0,0.0,0.25,0,0.0,0.0,0.0,0.0,0,overconfident,0.95,0,mild_drift,0.9500003051757813,0.0012999954223632815,0.40000152587890625,0.7600006103515625,1767764406.5628707,1.8441448211669922,0.0525270476937294
17,4352,4351,INSECTS_abrupt_balanced,insects_real,ts_drift_adapt_severity,2,error_divergence_ph_meta,or,2,0.5,,0.1996783088235294,0.012450871795566703,0.6666666666666666,1.7409422397613525,0.01102820597589016,0,0.0,0.16666666666666674,0,0.0,0.0,0.0,0.0,0,overconfident,0.95,0,mild_drift,0.9500001525878906,0.0012999977111816407,0.40000076293945314,0.7600003051757813,1767764406.5746455,1.5631459951400757,0.04579330235719681
18,4608,4607,INSECTS_abrupt_balanced,insects_real,ts_drift_adapt_severity,2,error_divergence_ph_meta,or,2,0.5,,0.1974826388888889,0.010737436822727453,0.6666666666666666,1.7411088943481445,0.010249524377286434,0,0.0,0.0007786815986037254,0,0.0,0.0,0.0,0.0,0,overconfident,0.95,0,mild_drift,0.9500000762939453,0.0012999988555908205,0.4000003814697266,0.7600001525878907,1767764406.586103,1.556997299194336,0.042653582990169525
19,4864,4863,INSECTS_abrupt_balanced,insects_real,ts_drift_adapt_severity,2,error_divergence_ph_meta,or,2,0.5,,0.19490131578947367,0.007605324247986123,0.9166666666666666,1.7404104471206665,0.011024805717170238,0,0.0,0.25,0,0.0,0.0,0.0,0.0,0,overconfident,0.95,0,mild_drift,0.9500000381469726,0.0012999994277954102,0.4000001907348633,0.7600000762939454,1767764406.5984006,1.6584802865982056,0.04574674367904663
20,5120,5119,INSECTS_abrupt_balanced,insects_real,ts_drift_adapt_severity,2,error_divergence_ph_meta,or,2,0.5,,0.1923828125,0.005863336449088748,0.9166666666666666,1.7381548881530762,0.01017630472779274,0,0.0,0.0008485009893774986,0,0.0,0.0,0.0,0.0,0,overconfident,0.95,0,mild_drift,0.9500000190734863,0.0012999997138977053,0.40000009536743164,0.7600000381469727,1767764406.609973,1.8024934530258179,0.04232367128133774
21,5376,5375,INSECTS_abrupt_balanced,insects_real,ts_drift_adapt_severity,2,error_divergence_ph_meta,or,2,0.5,,0.19345238095238096,0.007855238674411536,0.75,1.7342606782913208,0.010116868652403355,0,0.0,0.16666666666666663,0,0.0,0.0,0.0,0.0,0,overconfident,0.95,0,stable,0.9700000095367431,0.0010499998569488526,0.4500000476837158,0.8000000190734864,1767764406.6218288,1.7669099569320679,0.041828468441963196
22,5632,5631,INSECTS_abrupt_balanced,insects_real,ts_drift_adapt_severity,2,error_divergence_ph_meta,or,2,0.5,,0.19282670454545456,0.007546663258618712,1.0,1.731440544128418,0.009344211779534817,0,0.0,0.25,0,0.0,0.0,0.0,0.0,0,overconfident,0.95,0,stable,0.9800000047683716,0.0009249999284744264,0.4750000238418579,0.8200000095367432,1767764406.6329198,1.8069219589233398,0.038584254682064056
23,5888,5887,INSECTS_abrupt_balanced,insects_real,ts_drift_adapt_severity,2,error_divergence_ph_meta,or,2,0.5,,0.19191576086956522,0.006455479688890328,0.9166666666666666,1.7320481538772583,0.008685172535479069,0,0.0,0.08333333333333337,0,0.0,0.0,0.0,0.0,0,overconfident,0.95,0,stable,0.9850000023841858,0.0008624999642372132,0.48750001192092896,0.8300000047683717,1767764406.6439455,1.695252537727356,0.03564100340008736
24,6144,6143,INSECTS_abrupt_balanced,insects_real,ts_drift_adapt_severity,2,error_divergence_ph_meta,or,2,0.5,,0.19254557291666666,0.006826774296440298,0.75,1.7307884693145752,0.008656146004796028,0,0.0,0.16666666666666663,0,0.0,0.0,0.0,0.0,0,overconfident,0.95,0,stable,0.9875000011920929,0.0008312499821186065,0.4937500059604645,0.8350000023841859,1767764406.655399,1.888856053352356,0.03536280617117882
25,6400,6399,INSECTS_abrupt_balanced,insects_real,ts_drift_adapt_severity,2,error_divergence_ph_meta,or,2,0.5,,0.1934375,0.007932831748359565,0.75,1.7310296297073364,0.008283238857984543,1,0.0,0.0003729071468114853,1,0.5,0.0,0.0,0.0,0,overconfident,0.95,0,stable,0.9887500005960465,0.0008156249910593032,0.49687500298023224,0.837500001192093,1767764406.6674242,1.7864726781845093,0.033728864043951035
26,6656,6655,INSECTS_abrupt_balanced,insects_real,ts_drift_adapt_severity,2,error_divergence_ph_meta,or,2,0.5,,0.19576322115384615,0.010084727828205959,0.6666666666666666,1.7318195104599,0.008366022258996964,0,0.0,0.08333333333333337,0,0.0,0.0,0.0,0.0,0,overconfident,0.95,0,mild_drift,0.9693750002980233,0.0010578124955296516,0.44843750149011613,0.7987500005960465,1767764406.678742,1.7333160638809204,0.0339813306927681
27,6912,6911,INSECTS_abrupt_balanced,insects_real,ts_drift_adapt_severity,2,error_divergence_ph_meta,or,2,0.5,,0.19762731481481483,0.012420704566342679,0.9166666666666666,1.7312198877334595,0.008597731590270996,0,0.0,0.25,0,0.0,0.0,0.0,0.0,0,overconfident,0.95,0,mild_drift,0.9596875001490116,0.001178906247764826,0.4242187507450581,0.7793750002980233,1767764406.69013,1.6820354461669922,0.03490966185927391
28,7168,7167,INSECTS_abrupt_balanced,insects_real,ts_drift_adapt_severity,2,error_divergence_ph_meta,or,2,0.5,,0.19935825892857142,0.01429179366266029,0.75,1.7309688329696655,0.008421250618994236,0,0.0,0.16666666666666663,0,0.0,0.0,0.0,0.0,0,overconfident,0.95,0,mild_drift,0.9548437500745057,0.0012394531238824132,0.41210937537252906,0.7696875001490117,1767764406.7024572,1.6471835374832153,0.03418023884296417
29,7424,7423,INSECTS_abrupt_balanced,insects_real,ts_drift_adapt_severity,2,error_divergence_ph_meta,or,2,0.5,,0.2000269396551724,0.015322297991394116,0.75,1.7307586669921875,0.007929394021630287,0,0.0,0.0004918565973639488,0,0.0,0.0,0.0,0.0,0,overconfident,0.95,0,mild_drift,0.9524218750372528,0.0012697265619412068,0.4060546876862645,0.7648437500745058,1767764406.7150583,1.6185145378112793,0.03203944116830826
30,7680,7679,INSECTS_abrupt_balanced,insects_real,ts_drift_adapt_severity,2,error_divergence_ph_meta,or,2,0.5,,0.20091145833333332,0.016379833033485183,0.75,1.7285865545272827,0.008530469611287117,0,0.0,0.0006010755896568298,0,0.0,0.0,0.0,0.0,0,overconfident,0.95,0,mild_drift,0.9512109375186264,0.0012848632809706034,0.40302734384313227,0.7624218750372529,1767764406.7287676,1.6568294763565063,0.03436143696308136
31,7936,7935,INSECTS_abrupt_balanced,insects_real,ts_drift_adapt_severity,2,error_divergence_ph_meta,or,2,0.5,,0.20199092741935484,0.01772885438571961,0.75,1.728044867515564,0.00830215122550726,0,0.0,0.00022831838577985764,0,0.0,0.0,0.0,0.0,0,overconfident,0.95,0,mild_drift,0.9506054687593132,0.0012924316404853016,0.4015136719215662,0.7612109375186265,1767764406.7419143,1.8077564239501953,0.03331994265317917
32,8192,8191,INSECTS_abrupt_balanced,insects_real,ts_drift_adapt_severity,2,error_divergence_ph_meta,or,2,0.5,,0.2032470703125,0.019170420502017407,0.6666666666666666,1.7315528392791748,0.008361173793673515,0,0.0,0.08333333333333337,0,0.0,0.0,0.0,0.0,0,overconfident,0.95,0,mild_drift,0.9503027343796566,0.001296215820242651,0.4007568359607831,0.7606054687593132,1767764406.754436,1.6935001611709595,0.03360000625252724
33,8448,8447,INSECTS_abrupt_balanced,insects_real,ts_drift_adapt_severity,2,error_divergence_ph_meta,or,2,0.5,,0.20490056818181818,0.021204026066007745,0.6666666666666666,1.731659173965454,0.008319711312651634,0,0.0,4.1462481021881104e-05,0,0.0,0.0,0.0,0.0,0,overconfident,0.95,0,mild_drift,0.9501513671898283,0.0012981079101213257,0.40037841798039153,0.7603027343796567,1767764406.7657008,1.6823011636734009,0.0334991030395031
34,8704,8703,INSECTS_abrupt_balanced,insects_real,ts_drift_adapt_severity,2,error_divergence_ph_meta,or,2,0.5,,0.20634191176470587,0.022182374098274206,0.75,1.7323131561279297,0.008856351487338543,0,0.0,0.08333333333333337,0,0.0,0.0,0.0,0.0,0,overconfident,0.95,0,mild_drift,0.9500756835949141,0.001299053955060663,0.4001892089901958,0.7601513671898283,1767764406.777634,1.6374846696853638,0.035467587411403656
35,8960,8959,INSECTS_abrupt_balanced,insects_real,ts_drift_adapt_severity,2,error_divergence_ph_meta,or,2,0.5,,0.20703125,0.022580861993007788,0.75,1.732711911201477,0.009061235003173351,0,0.0,0.00020488351583480835,0,0.0,0.0,0.0,0.0,0,overconfident,0.95,0,mild_drift,0.9500378417974571,0.0012995269775303315,0.4000946044950979,0.7600756835949142,1767764406.7888448,1.768818736076355,0.03649291768670082
36,9216,9215,INSECTS_abrupt_balanced,insects_real,ts_drift_adapt_severity,2,error_divergence_ph_meta,or,2,0.5,,0.20811631944444445,0.02377809714203885,0.9166666666666666,1.731689214706421,0.00816316343843937,0,0.0,0.16666666666666663,0,0.0,0.0,0.0,0.0,0,overconfident,0.95,0,mild_drift,0.9500189208987285,0.0012997634887651657,0.400047302247549,0.7600378417974571,1767764406.8000932,1.746719241142273,0.03282506763935089
37,9472,9471,INSECTS_abrupt_balanced,insects_real,ts_drift_adapt_severity,2,error_divergence_ph_meta,or,2,0.5,,0.20703125,0.02222905610642445,0.8333333333333334,1.7322676181793213,0.008162462152540684,0,0.0,0.08333333333333326,0,0.0,0.0,0.0,0.0,0,overconfident,0.95,0,mild_drift,0.9500094604493643,0.001299881744382583,0.40002365112377447,0.7600189208987286,1767764406.8112953,1.6769086122512817,0.032901499420404434
38,9728,9727,INSECTS_abrupt_balanced,insects_real,ts_drift_adapt_severity,2,error_divergence_ph_meta,or,2,0.5,,0.20754523026315788,0.023204464045412296,0.8333333333333334,1.7332261800765991,0.008222103118896484,0,0.0,5.964096635580063e-05,0,0.0,0.0,0.0,0.0,0,overconfident,0.95,0,mild_drift,0.9500047302246821,0.0012999408721912917,0.40001182556188725,0.7600094604493643,1767764406.8234036,1.8240927457809448,0.03304389864206314
39,9984,9983,INSECTS_abrupt_balanced,insects_real,ts_drift_adapt_severity,2,error_divergence_ph_meta,or,2,0.5,,0.20873397435897437,0.02403660773430101,0.6666666666666666,1.7344999313354492,0.007655693683773279,0,0.0,0.16666666666666674,0,0.0,0.0,0.0,0.0,0,overconfident,0.95,0,mild_drift,0.950002365112341,0.0012999704360956458,0.40000591278094366,0.7600047302246822,1767764406.8347623,1.6058441400527954,0.030788322910666466
40,10240,10239,INSECTS_abrupt_balanced,insects_real,ts_drift_adapt_severity,2,error_divergence_ph_meta,or,2,0.5,,0.20908203125,0.024288996520082658,0.9166666666666666,1.734636664390564,0.008723888546228409,0,0.0,0.25,0,0.0,0.0,0.0,0.0,0,overconfident,0.95,0,mild_drift,0.9500011825561705,0.0012999852180478229,0.40000295639047184,0.7600023651123411,1767764406.8459992,1.8028626441955566,0.035063039511442184
41,10496,10495,INSECTS_abrupt_balanced,insects_real,ts_drift_adapt_severity,2,error_divergence_ph_meta,or,2,0.5,,0.2107469512195122,0.02627439417489684,0.6666666666666666,1.734209418296814,0.008571009151637554,0,0.0,0.25,0,0.0,0.0,0.0,0.0,0,overconfident,0.95,0,mild_drift,0.9500005912780852,0.0012999926090239114,0.4000014781952359,0.7600011825561706,1767764406.8580265,1.6451667547225952,0.03441474959254265
42,10752,10751,INSECTS_abrupt_balanced,insects_real,ts_drift_adapt_severity,2,error_divergence_ph_meta,or,2,0.5,,0.21168154761904762,0.02708655902303013,0.6666666666666666,1.7339411973953247,0.00844340305775404,0,0.0,0.0001276060938835144,0,0.0,0.0,0.0,0.0,0,overconfident,0.95,0,mild_drift,0.9500002956390425,0.001299996304511956,0.40000073909761796,0.7600005912780853,1767764406.8691301,1.7491909265518188,0.03370176628232002
43,11008,11007,INSECTS_abrupt_balanced,insects_real,ts_drift_adapt_severity,2,error_divergence_ph_meta,or,2,0.5,,0.21275436046511628,0.028375572784864352,0.8333333333333334,1.732751488685608,0.00956718809902668,0,0.0,0.16666666666666674,0,0.0,0.0,0.0,0.0,0,overconfident,0.95,0,mild_drift,0.9500001478195212,0.001299998152255978,0.400000369548809,0.7600002956390426,1767764406.8812044,1.7669124603271484,0.038187175989151
44,11264,11263,INSECTS_abrupt_balanced,insects_real,ts_drift_adapt_severity,2,error_divergence_ph_meta,or,2,0.5,,0.21271306818181818,0.028532058242550472,1.0,1.734197974205017,0.01012368407100439,0,0.0,0.16666666666666663,0,0.0,0.0,0.0,0.0,0,overconfident,0.95,0,mild_drift,0.9500000739097606,0.001299999076127989,0.4000001847744045,0.7600001478195213,1767764406.8932137,1.8419694900512695,0.040666159242391586
45,11520,11519,INSECTS_abrupt_balanced,insects_real,ts_drift_adapt_severity,2,error_divergence_ph_meta,or,2,0.5,,0.21293402777777778,0.028864448005491025,1.0,1.7336676120758057,0.009292935952544212,0,0.0,0.0008307481184601784,0,0.0,0.0,0.0,0.0,0,overconfident,0.95,0,mild_drift,0.9500000369548802,0.0012999995380639944,0.40000009238720224,0.7600000739097607,1767764406.9041815,1.7312251329421997,0.037174325436353683
46,11776,11775,INSECTS_abrupt_balanced,insects_real,ts_drift_adapt_severity,2,error_divergence_ph_meta,or,2,0.5,,0.2139945652173913,0.03028880446168734,0.5833333333333334,1.7328298091888428,0.008005514740943909,0,0.0,0.41666666666666663,0,0.0,0.0,0.0,0.0,0,overconfident,0.95,0,stable,0.9700000184774401,0.0010499997690319972,0.4500000461936011,0.8000000369548803,1767764406.9151592,1.6875882148742676,0.03211739659309387
47,12032,12031,INSECTS_abrupt_balanced,insects_real,ts_drift_adapt_severity,2,error_divergence_ph_meta,or,2,0.5,,0.2142619680851064,0.030516108895129818,0.8333333333333334,1.7309701442718506,0.007069207727909088,0,0.0,0.25,0,0.0,0.0,0.0,0.0,0,overconfident,0.95,0,stable,0.98000000923872,0.0009249998845159986,0.47500002309680056,0.8200000184774402,1767764406.9264061,1.7493571043014526,0.02841113694012165
48,12288,12287,INSECTS_abrupt_balanced,insects_real,ts_drift_adapt_severity,2,error_divergence_ph_meta,or,2,0.5,,0.214599609375,0.03106885825100084,0.6666666666666666,1.732261061668396,0.007598726078867912,0,0.0,0.16666666666666674,0,0.0,0.0,0.0,0.0,0,overconfident,0.95,0,stable,0.98500000461936,0.0008624999422579994,0.4875000115484003,0.8300000092387201,1767764406.937931,1.6141315698623657,0.03066735714673996
49,12544,12543,INSECTS_abrupt_balanced,insects_real,ts_drift_adapt_severity,2,error_divergence_ph_meta,or,2,0.5,,0.2142059948979592,0.03042808371630837,0.8333333333333334,1.7324799299240112,0.00699408445507288,0,0.0,0.16666666666666674,0,0.0,0.0,0.0,0.0,0,overconfident,0.95,0,stable,0.98750000230968,0.0008312499711289997,0.49375000577420014,0.8350000046193601,1767764406.949781,1.6912716627120972,0.0281960591673851
50,12800,12799,INSECTS_abrupt_balanced,insects_real,ts_drift_adapt_severity,2,error_divergence_ph_meta,or,2,0.5,,0.21125,0.030299202935011323,0.75,1.733211636543274,0.006799512542784214,1,0.0,0.08333333333333337,1,0.5,-0.0002888335138540386,0.0,0.0,0,overconfident,0.95,0,stable,0.98875000115484,0.0008156249855644998,0.49687500288710007,0.8375000023096801,1767764406.9607315,2.3186569213867188,0.02761044166982174
51,13056,13055,INSECTS_abrupt_balanced,insects_real,ts_drift_adapt_severity,2,error_divergence_ph_meta,or,2,0.5,,0.20710784313725492,0.02951779793445601,1.0,1.7295852899551392,0.006559816654771566,0,0.0,0.25,0,0.0,0.0,0.0,0.0,0,overconfident,0.95,0,mild_drift,0.96937500057742,0.0010578124927822499,0.44843750144355005,0.7987500011548401,1767764406.9717255,2.762561559677124,0.02656347118318081
52,13312,13311,INSECTS_abrupt_balanced,insects_real,ts_drift_adapt_severity,2,error_divergence_ph_meta,or,2,0.5,,0.203125,0.028774991109201137,1.0,1.7321609258651733,0.006131144240498543,0,0.0,0.0004286724142730236,0,0.0,0.0,0.0,0.0,0,overconfident,0.95,0,mild_drift,0.95968750028871,0.001178906246391125,0.42421875072177506,0.77937500057742,1767764406.988117,2.5853471755981445,0.02474544383585453
53,13568,13567,INSECTS_abrupt_balanced,insects_real,ts_drift_adapt_severity,2,error_divergence_ph_meta,or,2,0.5,,0.19929245283018868,0.02806801450411942,1.0,1.7318142652511597,0.005659152287989855,0,0.0,0.000471991952508688,0,0.0,0.0,0.0,0.0,0,overconfident,0.95,0,mild_drift,0.954843750144355,0.0012394531231955624,0.41210937536088754,0.76968750028871,1767764407.0017767,2.5431790351867676,0.022819748148322105
54,13824,13823,INSECTS_abrupt_balanced,insects_real,ts_drift_adapt_severity,2,error_divergence_ph_meta,or,2,0.5,,0.19560185185185186,0.027394405147480056,1.0,1.734121561050415,0.007234909571707249,0,0.0,0.0015757572837173939,0,0.0,0.0,0.0,0.0,0,overconfident,0.95,0,mild_drift,0.9524218750721775,0.0012697265615977814,0.4060546876804438,0.764843750144355,1767764407.0147707,2.3200972080230713,0.028715163469314575
55,14080,14079,INSECTS_abrupt_balanced,insects_real,ts_drift_adapt_severity,2,error_divergence_ph_meta,or,2,0.5,,0.1921875,0.026926152750480162,1.0,1.7370507717132568,0.010259304195642471,0,0.0,0.0030243946239352226,0,0.0,0.0,0.0,0.0,0,overconfident,0.95,0,mild_drift,0.9512109375360887,0.0012848632807988909,0.4030273438402219,0.7624218750721775,1767764407.026046,2.040613889694214,0.04040474444627762
56,14336,14335,INSECTS_abrupt_balanced,insects_real,ts_drift_adapt_severity,2,error_divergence_ph_meta,or,2,0.5,,0.1904296875,0.02831730084910245,0.9166666666666666,1.740812063217163,0.015414763242006302,0,0.0,0.08333333333333337,0,0.0,0.0,0.0,0.0,0,overconfident,0.95,0,mild_drift,0.9506054687680443,0.0012924316403994454,0.40151367192011095,0.7612109375360887,1767764407.0379488,1.8245277404785156,0.05930168554186821
57,14592,14591,INSECTS_abrupt_balanced,insects_real,ts_drift_adapt_severity,2,error_divergence_ph_meta,or,2,0.5,,0.19010416666666666,0.027820347907294606,0.8333333333333334,1.7419426441192627,0.02304726280272007,0,0.0,0.08333333333333326,0,0.0,0.0,0.0,0.0,0,overconfident,0.95,0,mild_drift,0.9503027343840221,0.0012962158201997227,0.4007568359600555,0.7606054687680444,1767764407.0493855,1.8113155364990234,0.0874709039926529
58,14848,14847,INSECTS_abrupt_balanced,insects_real,ts_drift_adapt_severity,2,error_divergence_ph_meta,or,2,0.5,,0.18736530172413793,0.02437501089134792,0.8333333333333334,1.7481701374053955,0.03047684207558632,0,0.0,0.007429579272866249,0,0.0,0.0,0.0,0.0,0,overconfident,0.95,0,mild_drift,0.950151367192011,0.0012981079100998615,0.40037841798002777,0.7603027343840222,1767764407.061635,1.7567729949951172,0.11405207961797714
59,15104,15103,INSECTS_abrupt_balanced,insects_real,ts_drift_adapt_severity,2,error_divergence_ph_meta,or,2,0.5,,0.184520656779661,0.02087712164181768,1.0,1.753054141998291,0.0379839688539505,0,0.0,0.16666666666666663,0,0.0,0.0,0.0,0.0,0,overconfident,0.95,0,mild_drift,0.9500756835960055,0.0012990539550499307,0.40018920899001387,0.760151367192011,1767764407.0730329,1.7875676155090332,0.14222821593284607
60,15360,15359,INSECTS_abrupt_balanced,insects_real,ts_drift_adapt_severity,2,error_divergence_ph_meta,or,2,0.5,,0.1814453125,0.017273211980609965,1.0,1.7563610076904297,0.04364030063152313,0,0.0,0.005656331777572632,0,0.0,0.0,0.0,0.0,0,overconfident,0.95,0,mild_drift,0.9500378417980027,0.0012995269775249656,0.40009460449500694,0.7600756835960055,1767764407.084608,1.9870548248291016,0.16407224535942078
61,15616,15615,INSECTS_abrupt_balanced,insects_real,ts_drift_adapt_severity,2,error_divergence_ph_meta,or,2,0.5,,0.17847079918032788,0.01394706776214681,1.0,1.760454773902893,0.04375896230340004,0,0.0,0.00011866167187690735,0,0.0,0.0,0.0,0.0,0,overconfident,0.95,0,mild_drift,0.9500189208990013,0.001299763488762483,0.4000473022475035,0.7600378417980027,1767764407.0960398,2.05171799659729,0.1662927120923996
62,15872,15871,INSECTS_abrupt_balanced,insects_real,ts_drift_adapt_severity,2,error_divergence_ph_meta,or,2,0.5,,0.1755922379032258,0.010713916602276307,1.0,1.7648288011550903,0.04320068657398224,0,0.0,0.0005582757294178009,0,0.0,0.0,0.0,0.0,0,overconfident,0.95,0,mild_drift,0.9500094604495006,0.0012998817443812417,0.40002365112375177,0.7600189208990014,1767764407.1076925,2.0658090114593506,0.16532650589942932
63,16128,16127,INSECTS_abrupt_balanced,insects_real,ts_drift_adapt_severity,2,error_divergence_ph_meta,or,2,0.5,,0.1728670634920635,0.007761190957086462,0.9166666666666666,1.7681788206100464,0.041059620678424835,0,0.0,0.08333333333333337,0,0.0,0.0,0.0,0.0,0,overconfident,0.95,0,mild_drift,0.9500047302247503,0.0012999408721906208,0.40001182556187587,0.7600094604495007,1767764407.1190667,1.8957756757736206,0.15854384005069733
64,16384,16383,INSECTS_abrupt_balanced,insects_real,ts_drift_adapt_severity,2,error_divergence_ph_meta,or,2,0.5,,0.170166015625,0.004882136801693426,1.0,1.7689138650894165,0.03553740680217743,0,0.0,0.08333333333333337,0,0.0,0.0,0.0,0.0,0,overconfident,0.95,0,mild_drift,0.9500023651123751,0.0012999704360953106,0.40000591278093794,0.7600047302247503,1767764407.1315095,1.7695107460021973,0.13816829025745392
65,16640,16639,INSECTS_abrupt_balanced,insects_real,ts_drift_adapt_severity,2,error_divergence_ph_meta,or,2,0.5,,0.1675480769230769,0.0022765806535388804,1.0,1.769025444984436,0.03204029053449631,0,0.0,0.003497116267681122,0,0.0,0.0,0.0,0.0,0,overconfident,0.95,0,mild_drift,0.9500011825561876,0.0012999852180476555,0.400002956390469,0.7600023651123752,1767764407.1430643,1.902656078338623,0.12604741752147675
66,16896,16895,INSECTS_abrupt_balanced,insects_real,ts_drift_adapt_severity,2,error_divergence_ph_meta,or,2,0.5,,0.1650094696969697,-0.00029579315345542944,1.0,1.7710734605789185,0.026295388117432594,0,0.0,0.005744902417063713,0,0.0,0.0,0.0,0.0,0,overconfident,0.95,0,mild_drift,0.9500005912780938,0.0012999926090238277,0.4000014781952345,0.7600011825561876,1767764407.155777,1.8751935958862305,0.10530627518892288
67,17152,17151,INSECTS_abrupt_balanced,insects_real,ts_drift_adapt_severity,2,error_divergence_ph_meta,or,2,0.5,,0.16260494402985073,-0.0024955061616760816,1.0,1.7693160772323608,0.021561387926340103,0,0.0,0.004734000191092491,0,0.0,0.0,0.0,0.0,0,overconfident,0.95,0,mild_drift,0.9500002956390469,0.0012999963045119138,0.40000073909761724,0.7600005912780938,1767764407.1673133,1.9309850931167603,0.08684974163770676
68,17408,17407,INSECTS_abrupt_balanced,insects_real,ts_drift_adapt_severity,2,error_divergence_ph_meta,or,2,0.5,,0.16027113970588236,-0.004510346405317303,1.0,1.7688542604446411,0.0180197823792696,0,0.0,0.0035416055470705032,0,0.0,0.0,0.0,0.0,0,overconfident,0.95,0,mild_drift,0.9500001478195235,0.001299998152255957,0.40000036954880863,0.7600002956390469,1767764407.180779,1.9817603826522827,0.07404680550098419
69,17664,17663,INSECTS_abrupt_balanced,insects_real,ts_drift_adapt_severity,2,error_divergence_ph_meta,or,2,0.5,,0.15806159420289856,-0.0065491577073267795,1.0,1.7654974460601807,0.014225148595869541,0,0.0,0.0037946337834000587,0,0.0,0.0,0.0,0.0,0,overconfident,0.95,0,mild_drift,0.9500000739097617,0.0012999990761279785,0.40000018477440435,0.7600001478195235,1767764407.1940224,1.916913628578186,0.05866429954767227
70,17920,17919,INSECTS_abrupt_balanced,insects_real,ts_drift_adapt_severity,2,error_divergence_ph_meta,or,2,0.5,,0.158203125,-0.0059199055059731675,0.8333333333333334,1.7653963565826416,0.011253681033849716,0,0.0,0.16666666666666663,0,0.0,0.0,0.0,0.0,0,overconfident,0.95,0,mild_drift,0.9500000369548809,0.0012999995380639892,0.4000000923872022,0.7600000739097618,1767764407.20735,1.78380286693573,0.04704652354121208
71,18176,18175,INSECTS_abrupt_balanced,insects_real,ts_drift_adapt_severity,2,error_divergence_ph_meta,or,2,0.5,,0.16296214788732394,-0.0006270345581565457,0.5,1.7619924545288086,0.009509485214948654,0,0.0,0.33333333333333337,0,0.0,0.0,0.0,0.0,0,overconfident,0.95,0,stable,0.9700000184774404,0.0010499997690319946,0.4500000461936011,0.800000036954881,1767764407.218995,1.9769071340560913,0.04002854973077774
72,18432,18431,INSECTS_abrupt_balanced,insects_real,ts_drift_adapt_severity,2,error_divergence_ph_meta,or,2,0.5,,0.1662326388888889,0.0027299549383444674,0.5833333333333334,1.7609573602676392,0.007388371974229813,0,0.0,0.08333333333333337,0,0.0,0.0,0.0,0.0,0,overconfident,0.95,0,stable,0.9800000092387202,0.0009249998845159973,0.47500002309680056,0.8200000184774405,1767764407.2301497,2.0757317543029785,0.03085671365261078
73,18688,18687,INSECTS_abrupt_balanced,insects_real,ts_drift_adapt_severity,2,error_divergence_ph_meta,or,2,0.5,,0.16930650684931506,0.005755856418625513,0.5,1.7581864595413208,0.006634090561419725,0,0.0,0.08333333333333337,0,0.0,0.0,0.0,0.0,0,overconfident,0.95,0,stable,0.9850000046193601,0.0008624999422579987,0.4875000115484003,0.8300000092387203,1767764407.2410355,2.043666124343872,0.027629543095827103
74,18944,18943,INSECTS_abrupt_balanced,insects_real,ts_drift_adapt_severity,2,error_divergence_ph_meta,or,2,0.5,,0.17261402027027026,0.008993100838649772,0.5,1.7588088512420654,0.00606157723814249,0,0.0,0.000572513323277235,0,0.0,0.0,0.0,0.0,0,overconfident,0.95,0,stable,0.98750000230968,0.0008312499711289993,0.49375000577420014,0.8350000046193602,1767764407.2522492,1.9597725868225098,0.02503949962556362
75,19200,19199,INSECTS_abrupt_balanced,insects_real,ts_drift_adapt_severity,2,error_divergence_ph_meta,or,2,0.5,,0.17557291666666666,0.011757937937478405,0.3333333333333333,1.7573477029800415,0.005099888890981674,1,0.4166666666666667,0.16666666666666669,1,0.5,0.0,0.0,0.0,0,overconfident,0.95,0,severe_drift,0.93025000115484,0.0014156249855644997,0.37187500288710007,0.7775000023096801,1767764407.2643576,1.7199550867080688,0.020777208730578423
76,19456,19455,INSECTS_abrupt_balanced,insects_real,ts_drift_adapt_severity,2,error_divergence_ph_meta,or,2,0.5,,0.17932771381578946,0.015392086358229154,0.4166666666666667,1.7570643424987793,0.0049792928621172905,0,0.0,0.08333333333333337,0,0.0,0.0,0.0,0.0,0,overconfident,0.95,0,mild_drift,0.94012500057742,0.0013578124927822498,0.38593750144355005,0.76875000115484,1767764407.2758338,1.8996448516845703,0.02025716006755829
77,19712,19711,INSECTS_abrupt_balanced,insects_real,ts_drift_adapt_severity,2,error_divergence_ph_meta,or,2,0.5,,0.18136160714285715,0.017359694696849552,0.5833333333333334,1.7549980878829956,0.004461874254047871,0,0.0,0.16666666666666669,0,0.0,0.0,0.0,0.0,0,overconfident,0.95,0,mild_drift,0.94506250028871,0.0013289062463911249,0.39296875072177506,0.76437500057742,1767764407.2871068,1.720679759979248,0.018039608374238014
78,19968,19967,INSECTS_abrupt_balanced,insects_real,ts_drift_adapt_severity,2,error_divergence_ph_meta,or,2,0.5,,0.1817908653846154,0.017550963304805198,0.8333333333333334,1.7553253173828125,0.0037784127052873373,0,0.0,0.25,0,0.0,0.0,0.0,0.0,0,overconfident,0.95,0,mild_drift,0.9475312501443549,0.0013144531231955624,0.39648437536088754,0.76218750028871,1767764407.2983842,1.7406202554702759,0.015179424546658993
79,20224,20223,INSECTS_abrupt_balanced,insects_real,ts_drift_adapt_severity,2,error_divergence_ph_meta,or,2,0.5,,0.182060917721519,0.017548230248671807,1.0,1.7532585859298706,0.003881890792399645,0,0.0,0.16666666666666663,0,0.0,0.0,0.0,0.0,0,overconfident,0.95,0,mild_drift,0.9487656250721774,0.0013072265615977812,0.3982421876804438,0.761093750144355,1767764407.309733,1.890380859375,0.0156004773452878
80,20480,20479,INSECTS_abrupt_balanced,insects_real,ts_drift_adapt_severity,2,error_divergence_ph_meta,or,2,0.5,,0.18251953125,0.01767651995977149,0.5,1.7553837299346924,0.0038481445517390966,0,0.0,0.5,0,0.0,0.0,0.0,0.0,0,overconfident,0.95,0,mild_drift,0.9493828125360887,0.0013036132807988906,0.3991210938402219,0.7605468750721776,1767764407.3219376,1.632890224456787,0.01548087876290083
81,20736,20735,INSECTS_abrupt_balanced,insects_real,ts_drift_adapt_severity,2,error_divergence_ph_meta,or,2,0.5,,0.1826292438271605,0.01757099135564023,0.75,1.7549470663070679,0.00418469961732626,0,0.0,0.25,0,0.0,0.0,0.0,0.0,0,overconfident,0.95,0,mild_drift,0.9496914062680444,0.0013018066403994452,0.39956054692011095,0.7602734375360888,1767764407.333061,1.7830442190170288,0.016781406477093697
82,20992,20991,INSECTS_abrupt_balanced,insects_real,ts_drift_adapt_severity,2,error_divergence_ph_meta,or,2,0.5,,0.18287919207317074,0.017583071087988688,0.75,1.7549331188201904,0.0048271846026182175,0,0.0,0.0006424849852919579,0,0.0,0.0,0.0,0.0,0,overconfident,0.95,0,mild_drift,0.9498457031340222,0.0013009033201997226,0.3997802734600555,0.7601367187680443,1767764407.3442,1.762034296989441,0.01931707002222538
83,21248,21247,INSECTS_abrupt_balanced,insects_real,ts_drift_adapt_severity,2,error_divergence_ph_meta,or,2,0.5,,0.1828878012048193,0.01734666748484348,0.9166666666666666,1.7558209896087646,0.0053656199015676975,0,0.0,0.16666666666666663,0,0.0,0.0,0.0,0.0,0,overconfident,0.95,0,mild_drift,0.9499228515670111,0.0013004516600998613,0.39989013673002777,0.7600683593840222,1767764407.3555346,1.8335604667663574,0.021477486938238144
84,21504,21503,INSECTS_abrupt_balanced,insects_real,ts_drift_adapt_severity,2,error_divergence_ph_meta,or,2,0.5,,0.18266369047619047,0.016829622363732918,0.9166666666666666,1.7588165998458862,0.006139010656625032,0,0.0,0.0007733907550573349,0,0.0,0.0,0.0,0.0,0,overconfident,0.95,0,mild_drift,0.9499614257835055,0.0013002258300499306,0.39994506836501387,0.7600341796920111,1767764407.3673325,1.7959932088851929,0.024580778554081917
85,21760,21759,INSECTS_abrupt_balanced,insects_real,ts_drift_adapt_severity,2,error_divergence_ph_meta,or,2,0.5,,0.18318014705882352,0.0171891568883428,0.5833333333333334,1.7605490684509277,0.007466024719178677,0,0.0,0.33333333333333326,0,0.0,0.0,0.0,0.0,0,overconfident,0.95,0,mild_drift,0.9499807128917528,0.0013001129150249655,0.39997253418250694,0.7600170898460056,1767764407.3787444,1.650193691253662,0.02972434274852276
86,22016,22015,INSECTS_abrupt_balanced,insects_real,ts_drift_adapt_severity,2,error_divergence_ph_meta,or,2,0.5,,0.18377543604651161,0.01764883895920224,0.75,1.7607961893081665,0.008579513989388943,0,0.0,0.16666666666666663,0,0.0,0.0,0.0,0.0,0,overconfident,0.95,0,mild_drift,0.9499903564458764,0.0013000564575124827,0.3999862670912535,0.7600085449230027,1767764407.3897789,1.7447789907455444,0.03404468297958374
87,22272,22271,INSECTS_abrupt_balanced,insects_real,ts_drift_adapt_severity,2,error_divergence_ph_meta,or,2,0.5,,0.1841325431034483,0.01783497873505386,0.6666666666666666,1.7618687152862549,0.009570680558681488,0,0.0,0.08333333333333337,0,0.0,0.0,0.0,0.0,0,overconfident,0.95,0,mild_drift,0.9499951782229381,0.0013000282287562413,0.39999313354562677,0.7600042724615014,1767764407.4009368,1.6147189140319824,0.037991780787706375
88,22528,22527,INSECTS_abrupt_balanced,insects_real,ts_drift_adapt_severity,2,error_divergence_ph_meta,or,2,0.5,,0.18510298295454544,0.018825808515526902,0.9166666666666666,1.761718988418579,0.011097904294729233,0,0.0,0.25,0,0.0,0.0,0.0,0.0,0,overconfident,0.95,0,mild_drift,0.949997589111469,0.0013000141143781206,0.39999656677281337,0.7600021362307507,1767764407.4134684,1.7167805433273315,0.04414903745055199
89,22784,22783,INSECTS_abrupt_balanced,insects_real,ts_drift_adapt_severity,2,error_divergence_ph_meta,or,2,0.5,,0.18631495786516855,0.019943361568525046,0.6666666666666666,1.7630822658538818,0.011959321796894073,0,0.0,0.25,0,0.0,0.0,0.0,0.0,0,overconfident,0.95,0,mild_drift,0.9499987945557344,0.0013000070571890605,0.3999982833864067,0.7600010681153754,1767764407.425986,1.6370218992233276,0.04759606719017029
90,23040,23039,INSECTS_abrupt_balanced,insects_real,ts_drift_adapt_severity,2,error_divergence_ph_meta,or,2,0.5,,0.18736979166666667,0.020772254167852233,0.6666666666666666,1.7638943195343018,0.01417288277298212,0,0.0,0.002213560976088047,0,0.0,0.0,0.0,0.0,0,overconfident,0.95,0,mild_drift,0.9499993972778672,0.0013000035285945302,0.3999991416932034,0.7600005340576876,1767764407.4399745,1.6180332899093628,0.05658391863107681
91,23296,23295,INSECTS_abrupt_balanced,insects_real,ts_drift_adapt_severity,2,error_divergence_ph_meta,or,2,0.5,,0.18822973901098902,0.021476726975283966,0.75,1.7639702558517456,0.015555774793028831,0,0.0,0.08333333333333337,0,0.0,0.0,0.0,0.0,0,overconfident,0.95,0,mild_drift,0.9499996986389336,0.001300001764297265,0.3999995708466017,0.7600002670288438,1767764407.453959,1.647492527961731,0.06220600754022598
92,23552,23551,INSECTS_abrupt_balanced,insects_real,ts_drift_adapt_severity,2,error_divergence_ph_meta,or,2,0.5,,0.19017493206521738,0.023339897098658222,0.6666666666666666,1.7643630504608154,0.017529726028442383,0,0.0,0.08333333333333337,0,0.0,0.0,0.0,0.0,0,overconfident,0.95,0,mild_drift,0.9499998493194668,0.0013000008821486327,0.39999978542330084,0.760000133514422,1767764407.4669964,1.662482738494873,0.0699915736913681
93,23808,23807,INSECTS_abrupt_balanced,insects_real,ts_drift_adapt_severity,2,error_divergence_ph_meta,or,2,0.5,,0.19178427419354838,0.02500304015118052,0.5,1.7643767595291138,0.01822168007493019,0,0.0,0.16666666666666663,0,0.0,0.0,0.0,0.0,0,overconfident,0.95,0,mild_drift,0.9499999246597334,0.0013000004410743163,0.39999989271165043,0.760000066757211,1767764407.4794378,1.7126327753067017,0.0731915831565857
94,24064,24063,INSECTS_abrupt_balanced,insects_real,ts_drift_adapt_severity,2,error_divergence_ph_meta,or,2,0.5,,0.19340093085106383,0.02650896254185436,0.75,1.7639285326004028,0.01940487138926983,0,0.0,0.25,0,0.0,0.0,0.0,0.0,0,overconfident,0.95,0,mild_drift,0.9499999623298667,0.0013000002205371584,0.39999994635582525,0.7600000333786054,1767764407.491629,1.5955572128295898,0.0779254212975502
95,24320,24319,INSECTS_abrupt_balanced,insects_real,ts_drift_adapt_severity,2,error_divergence_ph_meta,or,2,0.5,,0.19469572368421054,0.027637957623089904,0.3333333333333333,1.7627208232879639,0.019094420596957207,0,0.0,0.4166666666666667,0,0.0,0.0,0.0,0.0,0,overconfident,0.95,0,mild_drift,0.9499999811649333,0.0013000001102685794,0.39999997317791264,0.7600000166893027,1767764407.5025146,1.4003629684448242,0.07687388360500336
96,24576,24575,INSECTS_abrupt_balanced,insects_real,ts_drift_adapt_severity,2,error_divergence_ph_meta,or,2,0.5,,0.195556640625,0.028214458248966272,0.75,1.761745572090149,0.02105993963778019,0,0.0,0.4166666666666667,0,0.0,0.0,0.0,0.0,0,overconfident,0.95,0,stable,0.9699999905824667,0.0010500000551342896,0.44999998658895635,0.8000000083446515,1767764407.5145128,1.7626434564590454,0.084834523499012
97,24832,24831,INSECTS_abrupt_balanced,insects_real,ts_drift_adapt_severity,2,error_divergence_ph_meta,or,2,0.5,,0.19635953608247422,0.02881924818063355,0.9166666666666666,1.7604210376739502,0.02002948895096779,0,0.0,0.16666666666666663,0,0.0,0.0,0.0,0.0,0,overconfident,0.95,0,stable,0.9799999952912333,0.0009250000275671448,0.4749999932944782,0.8200000041723258,1767764407.5262475,1.7587909698486328,0.08114515990018845
98,25088,25087,INSECTS_abrupt_balanced,insects_real,ts_drift_adapt_severity,2,error_divergence_ph_meta,or,2,0.5,,0.19698660714285715,0.029213392055444265,0.8333333333333334,1.7588680982589722,0.0198664627969265,0,0.0,0.08333333333333326,0,0.0,0.0,0.0,0.0,0,overconfident,0.95,0,stable,0.9849999976456166,0.0008625000137835724,0.4874999966472391,0.8300000020861629,1767764407.538076,1.5447248220443726,0.08026715368032455
99,25344,25343,INSECTS_abrupt_balanced,insects_real,ts_drift_adapt_severity,2,error_divergence_ph_meta,or,2,0.5,,0.19803503787878787,0.030111803844640215,0.5833333333333334,1.7577234506607056,0.019445298239588737,0,0.0,0.25,0,0.0,0.0,0.0,0.0,0,overconfident,0.95,0,stable,0.9874999988228084,0.0008312500068917861,0.49374999832361954,0.8350000010430815,1767764407.55023,1.482478141784668,0.07900464534759521
100,25600,25599,INSECTS_abrupt_balanced,insects_real,ts_drift_adapt_severity,2,error_divergence_ph_meta,or,2,0.5,,0.1987890625,0.03063794143350059,0.6666666666666666,1.7596595287322998,0.020817771553993225,1,0.3333333333333333,0.08333333333333326,1,0.5,0.0023300401004948336,0.0011650200502474168,0.0011650200502474168,0,overconfident,0.95,0,severe_drift,0.92959974347077,0.001417274234958539,0.3712684605995168,0.777849506536615,1767764407.5620227,1.5321930646896362,0.08498463034629822
101,25856,25855,INSECTS_abrupt_balanced,insects_real,ts_drift_adapt_severity,2,error_divergence_ph_meta,or,2,0.5,,0.19983756188118812,0.03148704624830235,0.5833333333333334,1.7575023174285889,0.02078862674534321,0,0.0,0.08333333333333326,0,0.0,0.0,0.0,0.0,0,overconfident,0.95,0,mild_drift,0.939799871735385,0.0013586371174792696,0.3856342302997584,0.7689247532683074,1767764407.5735378,1.5745855569839478,0.0849934071302414
102,26112,26111,INSECTS_abrupt_balanced,insects_real,ts_drift_adapt_severity,2,error_divergence_ph_meta,or,2,0.5,,0.2005591299019608,0.03186378529772067,0.8333333333333334,1.7531037330627441,0.019382737576961517,0,0.0,0.25,0,0.0,0.0,0.0,0.0,0,overconfident,0.95,0,mild_drift,0.9448999358676925,0.0013293185587396348,0.3928171151498792,0.7644623766341537,1767764407.585582,1.5757471323013306,0.07949334383010864
103,26368,26367,INSECTS_abrupt_balanced,insects_real,ts_drift_adapt_severity,2,error_divergence_ph_meta,or,2,0.5,,0.20153216019417475,0.032549754195970816,1.0,1.749891757965088,0.01787257194519043,0,0.0,0.16666666666666663,0,0.0,0.0,0.0,0.0,0,overconfident,0.95,0,mild_drift,0.9474499679338462,0.0013146592793698174,0.39640855757493965,0.7622311883170769,1767764407.5973327,1.697885513305664,0.07361859083175659
104,26624,26623,INSECTS_abrupt_balanced,insects_real,ts_drift_adapt_severity,2,error_divergence_ph_meta,or,2,0.5,,0.20237379807692307,0.03312884054997265,0.6666666666666666,1.7455394268035889,0.015301140025258064,0,0.0,0.33333333333333337,0,0.0,0.0,0.0,0.0,0,overconfident,0.95,0,mild_drift,0.9487249839669231,0.0013073296396849086,0.39820427878746983,0.7611155941585385,1767764407.6095574,1.5640922784805298,0.06352456659078598
105,26880,26879,INSECTS_abrupt_balanced,insects_real,ts_drift_adapt_severity,2,error_divergence_ph_meta,or,2,0.5,,0.20323660714285716,0.03369357419685903,0.75,1.7428098917007446,0.014405768364667892,0,0.0,0.08333333333333337,0,0.0,0.0,0.0,0.0,0,overconfident,0.95,0,mild_drift,0.9493624919834616,0.0013036648198424543,0.39910213939373496,0.7605577970792692,1767764407.620912,1.6520551443099976,0.05989130213856697
106,27136,27135,INSECTS_abrupt_balanced,insects_real,ts_drift_adapt_severity,2,error_divergence_ph_meta,or,2,0.5,,0.2040462853773585,0.03418144524897658,0.75,1.7395734786987305,0.012855751439929008,0,0.0,0.001550016924738884,0,0.0,0.0,0.0,0.0,0,overconfident,0.95,0,mild_drift,0.9496812459917308,0.0013018324099212273,0.3995510696968675,0.7602788985396346,1767764407.6329973,1.5507464408874512,0.05388035252690315
107,27392,27391,INSECTS_abrupt_balanced,insects_real,ts_drift_adapt_severity,2,error_divergence_ph_meta,or,2,0.5,,0.2049868574766355,0.03480062996989853,0.6666666666666666,1.7351616621017456,0.011968637816607952,0,0.0,0.08333333333333337,0,0.0,0.0,0.0,0.0,0,overconfident,0.95,0,mild_drift,0.9498406229958654,0.0013009162049606136,0.39977553484843376,0.7601394492698172,1767764407.6439881,1.48577082157135,0.05036422982811928
108,27648,27647,INSECTS_abrupt_balanced,insects_real,ts_drift_adapt_severity,2,error_divergence_ph_meta,or,2,0.5,,0.20638020833333334,0.036028695953632325,0.8333333333333334,1.729795217514038,0.010892421938478947,0,0.0,0.16666666666666674,0,0.0,0.0,0.0,0.0,0,overconfident,0.95,0,mild_drift,0.9499203114979327,0.0013004581024803068,0.3998877674242169,0.7600697246349086,1767764407.657222,1.582749843597412,0.045806802809238434
109,27904,27903,INSECTS_abrupt_balanced,insects_real,ts_drift_adapt_severity,2,error_divergence_ph_meta,or,2,0.5,,0.20789134174311927,0.037326155112138576,0.5833333333333334,1.7278339862823486,0.010578992776572704,0,0.0,0.25,0,0.0,0.0,0.0,0.0,0,overconfident,0.95,0,mild_drift,0.9499601557489663,0.0013002290512401536,0.39994388371210843,0.7600348623174543,1767764407.670657,1.4648675918579102,0.044773634523153305
110,28160,28159,INSECTS_abrupt_balanced,insects_real,ts_drift_adapt_severity,2,error_divergence_ph_meta,or,2,0.5,,0.20649857954545456,0.03596824787582348,0.9166666666666666,1.7226392030715942,0.008957725949585438,0,0.0,0.33333333333333326,0,0.0,0.0,0.0,0.0,0,overconfident,0.95,0,mild_drift,0.9499800778744831,0.0013001145256200768,0.3999719418560542,0.7600174311587271,1767764407.6838794,2.465224027633667,0.037731822580099106
111,28416,28415,INSECTS_abrupt_balanced,insects_real,ts_drift_adapt_severity,2,error_divergence_ph_meta,or,2,0.5,,0.2048141891891892,0.034463059345261955,1.0,1.7182115316390991,0.008690765127539635,0,0.0,0.08333333333333337,0,0.0,0.0,0.0,0.0,0,overconfident,0.95,0,mild_drift,0.9499900389372415,0.0013000572628100384,0.3999859709280271,0.7600087155793636,1767764407.6954012,2.783088445663452,0.036627672612667084
112,28672,28671,INSECTS_abrupt_balanced,insects_real,ts_drift_adapt_severity,2,error_divergence_ph_meta,or,2,0.5,,0.203369140625,0.03329944941403772,1.0,1.7167178392410278,0.007330551277846098,0,0.0,0.0013602138496935368,0,0.0,0.0,0.0,0.0,0,overconfident,0.95,0,mild_drift,0.9499950194686207,0.0013000286314050194,0.3999929854640136,0.7600043577896818,1767764407.707084,2.6278364658355713,0.0304849985986948
113,28928,28927,INSECTS_abrupt_balanced,insects_real,ts_drift_adapt_severity,2,error_divergence_ph_meta,or,2,0.5,,0.2019842367256637,0.03220478594059955,0.9166666666666666,1.7149087190628052,0.006327128037810326,0,0.0,0.08333333333333337,0,0.0,0.0,0.0,0.0,0,overconfident,0.95,0,mild_drift,0.9499975097343103,0.0013000143157025097,0.39999649273200677,0.7600021788948409,1767764407.7196074,2.499290943145752,0.02587827853858471
114,29184,29183,INSECTS_abrupt_balanced,insects_real,ts_drift_adapt_severity,2,error_divergence_ph_meta,or,2,0.5,,0.20069216008771928,0.03125200537295659,0.9166666666666666,1.712174654006958,0.005347043741494417,0,0.0,0.0009800842963159084,0,0.0,0.0,0.0,0.0,0,overconfident,0.95,0,mild_drift,0.9499987548671551,0.0013000071578512548,0.3999982463660034,0.7600010894474205,1767764407.7311647,2.437514066696167,0.021669093519449234
115,29440,29439,INSECTS_abrupt_balanced,insects_real,ts_drift_adapt_severity,2,error_divergence_ph_meta,or,2,0.5,,0.1995584239130435,0.03044818253671813,1.0,1.7127459049224854,0.0045551639050245285,0,0.0,0.08333333333333337,0,0.0,0.0,0.0,0.0,0,overconfident,0.95,0,mild_drift,0.9499993774335775,0.0013000035789256276,0.3999991231830017,0.7600005447237103,1767764407.742356,2.4678430557250977,0.018339548259973526
116,29696,29695,INSECTS_abrupt_balanced,insects_real,ts_drift_adapt_severity,2,error_divergence_ph_meta,or,2,0.5,,0.19854525862068967,0.029824601575427257,0.8333333333333334,1.7107104063034058,0.004013705532997847,0,0.0,0.16666666666666663,0,0.0,0.0,0.0,0.0,0,overconfident,0.95,0,mild_drift,0.9499996887167887,0.001300001789462814,0.39999956159150085,0.7600002723618551,1767764407.7540448,2.1665756702423096,0.015986911952495575
117,29952,29951,INSECTS_abrupt_balanced,insects_real,ts_drift_adapt_severity,2,error_divergence_ph_meta,or,2,0.5,,0.19738247863247863,0.02905185964395114,1.0,1.7129569053649902,0.004258253611624241,0,0.0,0.16666666666666663,0,0.0,0.0,0.0,0.0,0,overconfident,0.95,0,mild_drift,0.9499998443583944,0.001300000894731407,0.39999978079575044,0.7600001361809275,1767764407.7659013,2.3234193325042725,0.016979631036520004
118,30208,30207,INSECTS_abrupt_balanced,insects_real,ts_drift_adapt_severity,2,error_divergence_ph_meta,or,2,0.5,,0.19647113347457626,0.02865373307685405,0.9166666666666666,1.7145001888275146,0.004759971052408218,0,0.0,0.08333333333333337,0,0.0,0.0,0.0,0.0,0,overconfident,0.95,0,mild_drift,0.9499999221791972,0.0013000004473657035,0.3999998903978752,0.7600000680904637,1767764407.777117,2.1154425144195557,0.01907379738986492
119,30464,30463,INSECTS_abrupt_balanced,insects_real,ts_drift_adapt_severity,2,error_divergence_ph_meta,or,2,0.5,,0.19573923319327732,0.02846098677619181,0.8333333333333334,1.7154343128204346,0.005383667070418596,0,0.0,0.08333333333333326,0,0.0,0.0,0.0,0.0,0,overconfident,0.95,0,mild_drift,0.9499999610895986,0.0013000002236828517,0.3999999451989376,0.7600000340452319,1767764407.7896152,2.065795660018921,0.02154940739274025
120,30720,30719,INSECTS_abrupt_balanced,insects_real,ts_drift_adapt_severity,2,error_divergence_ph_meta,or,2,0.5,,0.19475911458333334,0.028019004171978553,1.0,1.7187745571136475,0.006593749858438969,0,0.0,0.16666666666666663,0,0.0,0.0,0.0,0.0,0,overconfident,0.95,0,mild_drift,0.9499999805447993,0.0013000001118414258,0.39999997259946884,0.760000017022616,1767764407.8011193,2.124622106552124,0.026343531906604767
121,30976,30975,INSECTS_abrupt_balanced,insects_real,ts_drift_adapt_severity,2,error_divergence_ph_meta,or,2,0.5,,0.1939243285123967,0.027697889774609883,0.8333333333333334,1.7233531475067139,0.008185368031263351,0,0.0,0.16666666666666663,0,0.0,0.0,0.0,0.0,0,overconfident,0.95,0,stable,0.9699999902723997,0.0010500000559207129,0.4499999862997344,0.800000008511308,1767764407.8123767,1.975292682647705,0.03270171210169792
122,31232,31231,INSECTS_abrupt_balanced,insects_real,ts_drift_adapt_severity,2,error_divergence_ph_meta,or,2,0.5,,0.1931672643442623,0.027456178474124748,1.0,1.7251532077789307,0.010904109105467796,0,0.0,0.16666666666666663,0,0.0,0.0,0.0,0.0,0,overconfident,0.95,0,stable,0.9799999951361998,0.0009250000279603565,0.4749999931498672,0.8200000042556541,1767764407.823766,1.9159475564956665,0.04338974133133888
123,31488,31487,INSECTS_abrupt_balanced,insects_real,ts_drift_adapt_severity,2,error_divergence_ph_meta,or,2,0.5,,0.19264481707317074,0.027521630376964673,1.0,1.7263182401657104,0.013091538101434708,0,0.0,0.0021874289959669113,0,0.0,0.0,0.0,0.0,0,overconfident,0.95,0,stable,0.9849999975680999,0.0008625000139801783,0.4874999965749336,0.8300000021278271,1767764407.8352416,1.8514150381088257,0.0516158863902092
124,31744,31743,INSECTS_abrupt_balanced,insects_real,ts_drift_adapt_severity,2,error_divergence_ph_meta,or,2,0.5,,0.1922883064516129,0.027736031887293244,0.8333333333333334,1.7303484678268433,0.01464396808296442,0,0.0,0.16666666666666663,0,0.0,0.0,0.0,0.0,0,overconfident,0.95,0,stable,0.9874999987840499,0.0008312500069900892,0.4937499982874668,0.8350000010639136,1767764407.8469422,1.8066506385803223,0.057863328605890274
125,32000,31999,INSECTS_abrupt_balanced,insects_real,ts_drift_adapt_severity,2,error_divergence_ph_meta,or,2,0.5,,0.1920625,0.028155616694645894,0.8333333333333334,1.7324838638305664,0.017438726499676704,1,0.16666666666666674,0.002794758416712284,1,0.5,0.002149478822045688,0.001074739411022844,0.001074739411022844,0,overconfident,0.95,0,severe_drift,0.9296501335901547,0.0014171464314775303,0.371315462939158,0.7778224223552637,1767764407.8588698,1.7089771032333374,0.06883406639099121
126,32256,32255,INSECTS_abrupt_balanced,insects_real,ts_drift_adapt_severity,2,error_divergence_ph_meta,or,2,0.5,,0.19205729166666666,0.028733363990573905,0.8333333333333334,1.732958197593689,0.0200759619474411,0,0.0,0.0026372354477643967,0,0.0,0.0,0.0,0.0,0,overconfident,0.95,0,mild_drift,0.9398250667950774,0.0013585732157387652,0.38565773146957905,0.7689112111776318,1767764407.8702142,1.7318145036697388,0.078870490193367
127,32512,32511,INSECTS_abrupt_balanced,insects_real,ts_drift_adapt_severity,2,error_divergence_ph_meta,or,2,0.5,,0.1927595964566929,0.030229966569473566,0.6666666666666666,1.738552212715149,0.021760106086730957,0,0.0,0.16666666666666674,0,0.0,0.0,0.0,0.0,0,overconfident,0.95,0,mild_drift,0.9449125333975387,0.0013292866078693827,0.39282886573478953,0.7644556055888159,1767764407.88384,1.6650482416152954,0.08550021052360535
128,32768,32767,INSECTS_abrupt_balanced,insects_real,ts_drift_adapt_severity,2,error_divergence_ph_meta,or,2,0.5,,0.194244384765625,0.03256826614847742,0.5,1.747860312461853,0.02395031414926052,0,0.0,0.16666666666666663,0,0.0,0.0,0.0,0.0,0,overconfident,0.95,0,mild_drift,0.9474562666987694,0.0013146433039346915,0.39641443286739475,0.7622278027944079,1767764407.8969436,1.6321038007736206,0.09399436414241791
129,33024,33023,INSECTS_abrupt_balanced,insects_real,ts_drift_adapt_severity,2,error_divergence_ph_meta,or,2,0.5,,0.19616036821705427,0.03542861459499392,0.3333333333333333,1.7529387474060059,0.026982827112078667,0,0.0,0.16666666666666669,0,0.0,0.0,0.0,0.0,0,overconfident,0.95,0,mild_drift,0.9487281333493847,0.0013073216519673457,0.3982072164336974,0.7611139013972039,1767764407.9099426,1.530052661895752,0.10624852776527405
130,33280,33279,INSECTS_abrupt_balanced,insects_real,ts_drift_adapt_severity,2,error_divergence_ph_meta,or,2,0.5,,0.19639423076923077,0.03568004961173216,0.8333333333333334,1.75640869140625,0.02936958149075508,0,0.0,0.5,0,0.0,0.0,0.0,0.0,0,overconfident,0.95,0,mild_drift,0.9493640666746923,0.0013036608259836728,0.3991036082168487,0.760556950698602,1767764407.9213824,1.6561208963394165,0.11601273715496063
131,33536,33535,INSECTS_abrupt_balanced,insects_real,ts_drift_adapt_severity,2,error_divergence_ph_meta,or,2,0.5,,0.19614742366412213,0.03542721979485965,0.8333333333333334,1.7638731002807617,0.03175811469554901,0,0.0,0.00238853320479393,0,0.0,0.0,0.0,0.0,0,overconfident,0.95,0,mild_drift,0.9496820333373461,0.0013018304129918364,0.3995518041084244,0.760278475349301,1767764407.9338956,1.7079668045043945,0.12554852664470673
132,33792,33791,INSECTS_abrupt_balanced,insects_real,ts_drift_adapt_severity,2,error_divergence_ph_meta,or,2,0.5,,0.19658499053030304,0.0361089200367516,0.75,1.7668702602386475,0.03362347558140755,0,0.0,0.08333333333333337,0,0.0,0.0,0.0,0.0,0,overconfident,0.95,0,mild_drift,0.949841016668673,0.0013009152064959182,0.3997759020542122,0.7601392376746505,1767764407.9458003,1.8626514673233032,0.13365957140922546
133,34048,34047,INSECTS_abrupt_balanced,insects_real,ts_drift_adapt_severity,2,error_divergence_ph_meta,or,2,0.5,,0.19683975563909775,0.03647492971549108,0.6666666666666666,1.7708730697631836,0.032721832394599915,0,0.0,0.08333333333333337,0,0.0,0.0,0.0,0.0,0,overconfident,0.95,0,mild_drift,0.9499205083343365,0.001300457603247959,0.3998879510271061,0.7600696188373253,1767764407.9578288,1.6484380960464478,0.13098734617233276
134,34304,34303,INSECTS_abrupt_balanced,insects_real,ts_drift_adapt_severity,2,error_divergence_ph_meta,or,2,0.5,,0.19703241604477612,0.036755811590733246,0.75,1.7729488611221313,0.031851302832365036,0,0.0,0.08333333333333337,0,0.0,0.0,0.0,0.0,0,overconfident,0.95,0,mild_drift,0.9499602541671682,0.0013002288016239795,0.3999439755135531,0.7600348094186626,1767764407.9693952,1.756880760192871,0.1274004727602005
135,34560,34559,INSECTS_abrupt_balanced,insects_real,ts_drift_adapt_severity,2,error_divergence_ph_meta,or,2,0.5,,0.19684606481481481,0.0366355901791972,0.8333333333333334,1.7749786376953125,0.030693819746375084,0,0.0,0.08333333333333337,0,0.0,0.0,0.0,0.0,0,overconfident,0.95,0,mild_drift,0.9499801270835841,0.0013001144008119897,0.39997198775677656,0.7600174047093313,1767764407.9807746,1.740594744682312,0.12331489473581314
136,34816,34815,INSECTS_abrupt_balanced,insects_real,ts_drift_adapt_severity,2,error_divergence_ph_meta,or,2,0.5,,0.19669117647058823,0.036454980062842576,0.75,1.7768980264663696,0.029517685994505882,0,0.0,0.08333333333333337,0,0.0,0.0,0.0,0.0,0,overconfident,0.95,0,mild_drift,0.949990063541792,0.001300057200405995,0.3999859938783883,0.7600087023546657,1767764407.992063,1.859856128692627,0.11878529191017151
137,35072,35071,INSECTS_abrupt_balanced,insects_real,ts_drift_adapt_severity,2,error_divergence_ph_meta,or,2,0.5,,0.19656706204379562,0.0363272230084684,0.75,1.7766433954238892,0.02745985984802246,0,0.0,0.0020578261464834213,0,0.0,0.0,0.0,0.0,0,overconfident,0.95,0,mild_drift,0.9499950317708961,0.0013000286002029975,0.39999299693919416,0.7600043511773329,1767764408.0037158,1.9774938821792603,0.11056885123252869
138,35328,35327,INSECTS_abrupt_balanced,insects_real,ts_drift_adapt_severity,2,error_divergence_ph_meta,or,2,0.5,,0.19661458333333334,0.03635091827812376,0.75,1.7769094705581665,0.025815840810537338,0,0.0,0.0016440190374851227,0,0.0,0.0,0.0,0.0,0,overconfident,0.95,0,mild_drift,0.949997515885448,0.0013000143001014987,0.39999649846959706,0.7600021755886665,1767764408.0163646,1.77139413356781,0.10397043079137802
139,35584,35583,INSECTS_abrupt_balanced,insects_real,ts_drift_adapt_severity,2,error_divergence_ph_meta,or,2,0.5,,0.19697054856115107,0.03685072885332533,0.75,1.7775015830993652,0.023126699030399323,0,0.0,0.0026891417801380157,0,0.0,0.0,0.0,0.0,0,overconfident,0.95,0,mild_drift,0.949998757942724,0.0013000071500507493,0.39999824923479854,0.7600010877943333,1767764408.0276377,1.8257722854614258,0.09322062879800797
140,35840,35839,INSECTS_abrupt_balanced,insects_real,ts_drift_adapt_severity,2,error_divergence_ph_meta,or,2,0.5,,0.19718191964285714,0.03715648105467375,0.9166666666666666,1.7762157917022705,0.02053024061024189,0,0.0,0.16666666666666663,0,0.0,0.0,0.0,0.0,0,overconfident,0.95,0,mild_drift,0.949999378971362,0.0013000035750253746,0.3999991246173993,0.7600005438971666,1767764408.039926,2.2323379516601562,0.08270039409399033
141,36096,36095,INSECTS_abrupt_balanced,insects_real,ts_drift_adapt_severity,2,error_divergence_ph_meta,or,2,0.5,,0.1971409574468085,0.037082741083462684,0.75,1.7757846117019653,0.017766695469617844,0,0.0,0.16666666666666663,0,0.0,0.0,0.0,0.0,0,overconfident,0.95,0,mild_drift,0.949999689485681,0.0013000017875126873,0.39999956230869965,0.7600002719485833,1767764408.0514061,1.822600245475769,0.07138267159461975
142,36352,36351,INSECTS_abrupt_balanced,insects_real,ts_drift_adapt_severity,2,error_divergence_ph_meta,or,2,0.5,,0.19734815140845072,0.03734693743136246,0.6666666666666666,1.7733324766159058,0.01602359302341938,0,0.0,0.08333333333333337,0,0.0,0.0,0.0,0.0,0,overconfident,0.95,0,mild_drift,0.9499998447428405,0.0013000008937563436,0.39999978115434986,0.7600001359742916,1767764408.0626893,1.7677544355392456,0.06428199261426926
143,36608,36607,INSECTS_abrupt_balanced,insects_real,ts_drift_adapt_severity,2,error_divergence_ph_meta,or,2,0.5,,0.1974978146853147,0.03759967851079429,0.75,1.7725183963775635,0.013559700921177864,0,0.0,0.08333333333333337,0,0.0,0.0,0.0,0.0,0,overconfident,0.95,0,mild_drift,0.9499999223714202,0.001300000446878172,0.39999989057717494,0.7600000679871458,1767764408.074019,1.868159294128418,0.05438585951924324
144,36864,36863,INSECTS_abrupt_balanced,insects_real,ts_drift_adapt_severity,2,error_divergence_ph_meta,or,2,0.5,,0.1977267795138889,0.037874454671355064,0.8333333333333334,1.769472360610962,0.01122287567704916,0,0.0,0.08333333333333337,0,0.0,0.0,0.0,0.0,0,overconfident,0.95,0,mild_drift,0.9499999611857101,0.0013000002234390862,0.3999999452885875,0.7600000339935729,1767764408.0854464,1.544934630393982,0.04498289152979851
145,37120,37119,INSECTS_abrupt_balanced,insects_real,ts_drift_adapt_severity,2,error_divergence_ph_meta,or,2,0.5,,0.19754849137931035,0.037688355421374185,0.8333333333333334,1.768821358680725,0.00936233252286911,0,0.0,0.00186054315418005,0,0.0,0.0,0.0,0.0,0,overconfident,0.95,0,mild_drift,0.949999980592855,0.0013000001117195433,0.39999997264429377,0.7600000169967864,1767764408.0970838,1.8334296941757202,0.037479374557733536
146,37376,37375,INSECTS_abrupt_balanced,insects_real,ts_drift_adapt_severity,2,error_divergence_ph_meta,or,2,0.5,,0.1975064212328767,0.037667821646212345,0.75,1.7669575214385986,0.00789711158722639,0,0.0,0.08333333333333337,0,0.0,0.0,0.0,0.0,0,overconfident,0.95,0,stable,0.9699999902964275,0.0010500000558597716,0.4499999863221469,0.8000000084983933,1767764408.1090376,1.8351387977600098,0.031648628413677216
147,37632,37631,INSECTS_abrupt_balanced,insects_real,ts_drift_adapt_severity,2,error_divergence_ph_meta,or,2,0.5,,0.19754464285714285,0.037722367456875835,0.75,1.7653526067733765,0.006666633766144514,0,0.0,0.0012304778210818768,0,0.0,0.0,0.0,0.0,0,overconfident,0.95,0,stable,0.9799999951482137,0.0009250000279298859,0.47499999316107344,0.8200000042491966,1767764408.120547,1.8116995096206665,0.02665281482040882
148,37888,37887,INSECTS_abrupt_balanced,insects_real,ts_drift_adapt_severity,2,error_divergence_ph_meta,or,2,0.5,,0.19789907094594594,0.03816855293001219,0.75,1.7651309967041016,0.006359200458973646,0,0.0,0.0003074333071708679,0,0.0,0.0,0.0,0.0,0,overconfident,0.95,0,stable,0.9849999975741068,0.0008625000139649429,0.4874999965805367,0.8300000021245983,1767764408.1326256,1.8036812543869019,0.025455579161643982
149,38144,38143,INSECTS_abrupt_balanced,insects_real,ts_drift_adapt_severity,2,error_divergence_ph_meta,or,2,0.5,,0.19756711409395974,0.037804296768121956,0.9166666666666666,1.763593316078186,0.0054060230031609535,0,0.0,0.16666666666666663,0,0.0,0.0,0.0,0.0,0,overconfident,0.95,0,stable,0.9874999987870534,0.0008312500069824714,0.49374999829026833,0.8350000010622992,1767764408.1460316,1.918066143989563,0.02165444754064083
150,38400,38399,INSECTS_abrupt_balanced,insects_real,ts_drift_adapt_severity,2,error_divergence_ph_meta,or,2,0.5,,0.19625,0.03586456606480303,1.0,1.763818383216858,0.005284918937832117,1,0.16666666666666663,0.08333333333333337,1,0.5,0.0973688118049122,0.0486844059024561,0.0486844059024561,0,overconfident,0.95,0,severe_drift,0.9030767982567863,0.0014845438657668688,0.34652868038043405,0.7921053223018865,1767764408.1592188,1.8960577249526978,0.021087612956762314
151,38656,38655,INSECTS_abrupt_balanced,insects_real,ts_drift_adapt_severity,2,error_divergence_ph_meta,or,2,0.5,,0.19495033112582782,0.03397074476876616,1.0,1.7628419399261475,0.004670761059969664,0,0.0,0.0006141578778624535,0,0.0,0.0,0.0,0.0,0,overconfident,0.95,0,mild_drift,0.9265383991283931,0.0013922719328834346,0.37326434019021704,0.7760526611509433,1767764408.1725097,1.8921669721603394,0.01871487870812416
152,38912,38911,INSECTS_abrupt_balanced,insects_real,ts_drift_adapt_severity,2,error_divergence_ph_meta,or,2,0.5,,0.19451583059210525,0.03341750113952302,1.0,1.7617815732955933,0.003381194779649377,0,0.0,0.0012895662803202868,0,0.0,0.0,0.0,0.0,0,overconfident,0.95,0,mild_drift,0.9382691995641965,0.0013461359664417175,0.38663217009510853,0.7680263305754716,1767764408.1842027,2.05368971824646,0.013555237092077732
153,39168,39167,INSECTS_abrupt_balanced,insects_real,ts_drift_adapt_severity,2,error_divergence_ph_meta,or,2,0.5,,0.19454656862745098,0.03344323906564671,0.75,1.7594504356384277,0.0027394983917474747,0,0.0,0.25,0,0.0,0.0,0.0,0.0,0,overconfident,0.95,0,mild_drift,0.9441345997820982,0.0013230679832208587,0.3933160850475543,0.7640131652877358,1767764408.196055,1.767690658569336,0.011015796102583408
154,39424,39423,INSECTS_abrupt_balanced,insects_real,ts_drift_adapt_severity,2,error_divergence_ph_meta,or,2,0.5,,0.19452617694805194,0.03339909777299807,0.9166666666666666,1.7606490850448608,0.0026881475932896137,0,0.0,0.16666666666666663,0,0.0,0.0,0.0,0.0,0,overconfident,0.95,0,mild_drift,0.9470672998910491,0.0013115339916104293,0.3966580425237771,0.7620065826438679,1767764408.2072015,1.8929108381271362,0.010798354633152485
155,39680,39679,INSECTS_abrupt_balanced,insects_real,ts_drift_adapt_severity,2,error_divergence_ph_meta,or,2,0.5,,0.19485887096774193,0.033718774943815186,0.9166666666666666,1.7587615251541138,0.0026868972927331924,0,0.0,1.25030055642128e-06,0,0.0,0.0,0.0,0.0,0,overconfident,0.95,0,mild_drift,0.9485336499455246,0.0013057669958052146,0.39832902126188857,0.761003291321934,1767764408.2181551,1.8763707876205444,0.010749908164143562
156,39936,39935,INSECTS_abrupt_balanced,insects_real,ts_drift_adapt_severity,2,error_divergence_ph_meta,or,2,0.5,,0.19541266025641027,0.03422503155123721,0.9166666666666666,1.7606335878372192,0.0031232198234647512,0,0.0,0.0004363225307315588,0,0.0,0.0,0.0,0.0,0,overconfident,0.95,0,mild_drift,0.9492668249727623,0.0013028834979026075,0.39916451063094427,0.760501645660967,1767764408.2292042,1.773703932762146,0.012526409700512886
157,40192,40191,INSECTS_abrupt_balanced,insects_real,ts_drift_adapt_severity,2,error_divergence_ph_meta,or,2,0.5,,0.19588475318471338,0.03462149227989711,0.6666666666666666,1.7621064186096191,0.003691693302243948,0,0.0,0.25,0,0.0,0.0,0.0,0.0,0,overconfident,0.95,0,mild_drift,0.9496334124863811,0.0013014417489513037,0.39958225531547215,0.7602508228304835,1767764408.239984,1.7971917390823364,0.014799444004893303
158,40448,40447,INSECTS_abrupt_balanced,insects_real,ts_drift_adapt_severity,2,error_divergence_ph_meta,or,2,0.5,,0.1960789161392405,0.03468070761211103,0.6666666666666666,1.7616347074508667,0.004374559503048658,0,0.0,0.0006828662008047104,0,0.0,0.0,0.0,0.0,0,overconfident,0.95,0,mild_drift,0.9498167062431906,0.001300720874475652,0.39979112765773606,0.7601254114152418,1767764408.251653,1.8233624696731567,0.017591679468750954
159,40704,40703,INSECTS_abrupt_balanced,insects_real,ts_drift_adapt_severity,2,error_divergence_ph_meta,or,2,0.5,,0.19646717767295596,0.03495613067753801,0.5833333333333334,1.7616028785705566,0.004349215421825647,0,0.0,0.08333333333333326,0,0.0,0.0,0.0,0.0,0,overconfident,0.95,0,mild_drift,0.9499083531215953,0.0013003604372378262,0.39989556382886804,0.7600627057076209,1767764408.2625723,1.6997305154800415,0.01746562495827675
160,40960,40959,INSECTS_abrupt_balanced,insects_real,ts_drift_adapt_severity,2,error_divergence_ph_meta,or,2,0.5,,0.1967041015625,0.035095093377492226,0.75,1.7627496719360352,0.004202038515359163,0,0.0,0.16666666666666663,0,0.0,0.0,0.0,0.0,0,overconfident,0.95,0,mild_drift,0.9499541765607976,0.001300180218618913,0.39994778191443403,0.7600313528538105,1767764408.2735667,1.795657992362976,0.016970161348581314
161,41216,41215,INSECTS_abrupt_balanced,insects_real,ts_drift_adapt_severity,2,error_divergence_ph_meta,or,2,0.5,,0.1970593944099379,0.03534971068047347,0.5833333333333334,1.7639524936676025,0.004540215712040663,0,0.0,0.16666666666666663,0,0.0,0.0,0.0,0.0,0,overconfident,0.95,0,mild_drift,0.9499770882803988,0.0013000901093094567,0.399973890957217,0.7600156764269053,1767764408.2853987,1.758218765258789,0.018381506204605103
162,41472,41471,INSECTS_abrupt_balanced,insects_real,ts_drift_adapt_severity,2,error_divergence_ph_meta,or,2,0.5,,0.19733796296296297,0.03553189945589911,0.6666666666666666,1.7637042999267578,0.0051199947483837605,0,0.0,0.08333333333333326,0,0.0,0.0,0.0,0.0,0,overconfident,0.95,0,mild_drift,0.9499885441401994,0.0013000450546547283,0.3999869454786085,0.7600078382134526,1767764408.2970185,1.618560791015625,0.020807260647416115
163,41728,41727,INSECTS_abrupt_balanced,insects_real,ts_drift_adapt_severity,2,error_divergence_ph_meta,or,2,0.5,,0.1972776073619632,0.03529883152170005,0.75,1.7651139497756958,0.00507714319974184,0,0.0,0.08333333333333337,0,0.0,0.0,0.0,0.0,0,overconfident,0.95,0,mild_drift,0.9499942720700997,0.0013000225273273641,0.3999934727393043,0.7600039191067263,1767764408.3080108,1.673205018043518,0.020713670179247856
164,41984,41983,INSECTS_abrupt_balanced,insects_real,ts_drift_adapt_severity,2,error_divergence_ph_meta,or,2,0.5,,0.19724180640243902,0.035091380565854716,1.0,1.7655322551727295,0.005320813041180372,0,0.0,0.25,0,0.0,0.0,0.0,0.0,0,overconfident,0.95,0,mild_drift,0.9499971360350499,0.0013000112636636823,0.39999673636965216,0.7600019595533631,1767764408.3185246,1.8221558332443237,0.021818123757839203
165,42240,42239,INSECTS_abrupt_balanced,insects_real,ts_drift_adapt_severity,2,error_divergence_ph_meta,or,2,0.5,,0.19734848484848486,0.03505171435480257,0.75,1.7664132118225098,0.005056166555732489,0,0.0,0.25,0,0.0,0.0,0.0,0.0,0,overconfident,0.95,0,mild_drift,0.9499985680175249,0.001300005631831841,0.3999983681848261,0.7600009797766816,1767764408.3306522,1.648819923400879,0.020776823163032532
166,42496,42495,INSECTS_abrupt_balanced,insects_real,ts_drift_adapt_severity,2,error_divergence_ph_meta,or,2,0.5,,0.19733621987951808,0.034862986245855744,0.6666666666666666,1.7664374113082886,0.005501216743141413,0,0.0,0.08333333333333337,0,0.0,0.0,0.0,0.0,0,overconfident,0.95,0,mild_drift,0.9499992840087624,0.0013000028159159205,0.3999991840924131,0.7600004898883408,1767764408.3436286,1.655746340751648,0.022685393691062927
167,42752,42751,INSECTS_abrupt_balanced,insects_real,ts_drift_adapt_severity,2,error_divergence_ph_meta,or,2,0.5,,0.19781530688622753,0.035277561910140476,0.8333333333333334,1.7685502767562866,0.005596601404249668,0,0.0,0.16666666666666674,0,0.0,0.0,0.0,0.0,0,overconfident,0.95,0,mild_drift,0.9499996420043813,0.0013000014079579602,0.39999959204620655,0.7600002449441704,1767764408.357152,1.6700650453567505,0.023055430501699448
168,43008,43007,INSECTS_abrupt_balanced,insects_real,ts_drift_adapt_severity,2,error_divergence_ph_meta,or,2,0.5,,0.19840494791666666,0.03579857193645258,0.75,1.765680193901062,0.005933766253292561,0,0.0,0.08333333333333337,0,0.0,0.0,0.0,0.0,0,overconfident,0.95,0,mild_drift,0.9499998210021906,0.00130000070397898,0.3999997960231033,0.7600001224720851,1767764408.3693676,1.6406422853469849,0.024443065747618675
169,43264,43263,INSECTS_abrupt_balanced,insects_real,ts_drift_adapt_severity,2,error_divergence_ph_meta,or,2,0.5,,0.1990569526627219,0.03639726740865429,0.9166666666666666,1.767788052558899,0.006267024669796228,0,0.0,0.16666666666666663,0,0.0,0.0,0.0,0.0,0,overconfident,0.95,0,mild_drift,0.9499999105010952,0.00130000035198949,0.39999989801155167,0.7600000612360426,1767764408.3803942,1.6269989013671875,0.025777241215109825
170,43520,43519,INSECTS_abrupt_balanced,insects_real,ts_drift_adapt_severity,2,error_divergence_ph_meta,or,2,0.5,,0.1997702205882353,0.037059106161402386,0.75,1.7676937580108643,0.007002862635999918,0,0.0,0.16666666666666663,0,0.0,0.0,0.0,0.0,0,overconfident,0.95,0,mild_drift,0.9499999552505476,0.0013000001759947452,0.39999994900577585,0.7600000306180212,1767764408.3916872,1.7184611558914185,0.028629228472709656
171,43776,43775,INSECTS_abrupt_balanced,insects_real,ts_drift_adapt_severity,2,error_divergence_ph_meta,or,2,0.5,,0.20010964912280702,0.0372688963862429,0.9166666666666666,1.7667760848999023,0.007284599356353283,0,0.0,0.16666666666666663,0,0.0,0.0,0.0,0.0,0,overconfident,0.95,0,stable,0.9699999776252738,0.0010500000879973726,0.4499999745028879,0.8000000153090107,1767764408.4036076,1.71746027469635,0.02968565560877323
172,44032,44031,INSECTS_abrupt_balanced,insects_real,ts_drift_adapt_severity,2,error_divergence_ph_meta,or,2,0.5,,0.20110374273255813,0.038274583583289515,0.6666666666666666,1.7670220136642456,0.007931159809231758,0,0.0,0.25,0,0.0,0.0,0.0,0.0,0,overconfident,0.95,0,stable,0.979999988812637,0.0009250000439986862,0.474999987251444,0.8200000076545053,1767764408.4148657,1.6105953454971313,0.03213796392083168
173,44288,44287,INSECTS_abrupt_balanced,insects_real,ts_drift_adapt_severity,2,error_divergence_ph_meta,or,2,0.5,,0.20154443641618497,0.03857844492589876,0.75,1.765874981880188,0.00889728032052517,0,0.0,0.08333333333333337,0,0.0,0.0,0.0,0.0,0,overconfident,0.95,0,stable,0.9849999944063185,0.0008625000219993431,0.487499993625722,0.8300000038272527,1767764408.4258506,1.5200201272964478,0.03604781627655029
174,44544,44543,INSECTS_abrupt_balanced,insects_real,ts_drift_adapt_severity,2,error_divergence_ph_meta,or,2,0.5,,0.20218211206896552,0.03910143898280702,0.8333333333333334,1.766498327255249,0.009222730994224548,0,0.0,0.08333333333333337,0,0.0,0.0,0.0,0.0,0,overconfident,0.95,0,stable,0.9874999972031593,0.0008312500109996716,0.493749996812861,0.8350000019136263,1767764408.4376671,1.5704997777938843,0.037301961332559586
175,44800,44799,INSECTS_abrupt_balanced,insects_real,ts_drift_adapt_severity,2,error_divergence_ph_meta,or,2,0.5,,0.2028125,0.03962680943784772,0.6666666666666666,1.7664974927902222,0.01094143372029066,1,0.33333333333333337,0.16666666666666674,1,0.5,0.0,0.0,0.0,0,overconfident,0.95,0,severe_drift,0.9302499986015796,0.0014156250054998358,0.3718749984064305,0.7775000009568132,1767764408.4488657,1.5304617881774902,0.04423995316028595
176,45056,45055,INSECTS_abrupt_balanced,insects_real,ts_drift_adapt_severity,2,error_divergence_ph_meta,or,2,0.5,,0.2037686434659091,0.040536320100600105,0.3333333333333333,1.7657688856124878,0.011112979613244534,0,0.0,0.3333333333333333,0,0.0,0.0,0.0,0.0,0,overconfident,0.95,0,mild_drift,0.9401249993007899,0.001357812502749918,0.3859374992032153,0.7687500004784066,1767764408.4607928,1.4319533109664917,0.045005857944488525
177,45312,45311,INSECTS_abrupt_balanced,insects_real,ts_drift_adapt_severity,2,error_divergence_ph_meta,or,2,0.5,,0.2045594985875706,0.04121451862939003,0.3333333333333333,1.763711929321289,0.012131315656006336,0,0.0,0.0010183360427618027,0,0.0,0.0,0.0,0.0,0,overconfident,0.95,0,mild_drift,0.9450624996503949,0.001328906251374959,0.39296874960160766,0.7643750002392034,1767764408.4714322,1.4255393743515015,0.049164433032274246
178,45568,45567,INSECTS_abrupt_balanced,insects_real,ts_drift_adapt_severity,2,error_divergence_ph_meta,or,2,0.5,,0.20564870084269662,0.04224748751292826,0.3333333333333333,1.7612217664718628,0.01298454124480486,0,0.0,0.000853225588798523,0,0.0,0.0,0.0,0.0,0,overconfident,0.95,0,mild_drift,0.9475312498251974,0.0013144531256874797,0.39648437480080384,0.7621875001196017,1767764408.4821417,1.3836112022399902,0.05249712988734245
179,45824,45823,INSECTS_abrupt_balanced,insects_real,ts_drift_adapt_severity,2,error_divergence_ph_meta,or,2,0.5,,0.20652932960893855,0.043063902090813136,0.5833333333333334,1.7587136030197144,0.013902433216571808,0,0.0,0.25000000000000006,0,0.0,0.0,0.0,0.0,0,overconfident,0.95,0,mild_drift,0.9487656249125986,0.0013072265628437398,0.39824218740040196,0.7610937500598008,1767764408.4931288,1.4510194063186646,0.056381504982709885
180,46080,46079,INSECTS_abrupt_balanced,insects_real,ts_drift_adapt_severity,2,error_divergence_ph_meta,or,2,0.5,,0.2075737847222222,0.044062826795281666,0.5,1.7589689493179321,0.015858955681324005,0,0.0,0.08333333333333337,0,0.0,0.0,0.0,0.0,0,overconfident,0.95,0,mild_drift,0.9493828124562993,0.00130361328142187,0.399121093700201,0.7605468750299005,1767764408.5047977,1.4312275648117065,0.06440767645835876
181,46336,46335,INSECTS_abrupt_balanced,insects_real,ts_drift_adapt_severity,2,error_divergence_ph_meta,or,2,0.5,,0.20849879143646408,0.044903590078837895,0.75,1.7564561367034912,0.01703343540430069,0,0.0,0.25,0,0.0,0.0,0.0,0.0,0,overconfident,0.95,0,mild_drift,0.9496914062281496,0.0013018066407109352,0.3995605468501005,0.7602734375149502,1767764408.5170066,1.560267448425293,0.06949110329151154
182,46592,46591,INSECTS_abrupt_balanced,insects_real,ts_drift_adapt_severity,2,error_divergence_ph_meta,or,2,0.5,,0.20954241071428573,0.04588243649659073,0.5833333333333334,1.7510641813278198,0.017662767320871353,0,0.0,0.16666666666666663,0,0.0,0.0,0.0,0.0,0,overconfident,0.95,0,mild_drift,0.9498457031140748,0.0013009033203554678,0.3997802734250503,0.7601367187574751,1767764408.5303206,1.5603694915771484,0.0720413476228714
183,46848,46847,INSECTS_abrupt_balanced,insects_real,ts_drift_adapt_severity,2,error_divergence_ph_meta,or,2,0.5,,0.20969945355191258,0.04596925452533409,0.5833333333333334,1.7502167224884033,0.01837604120373726,0,0.0,0.0007132738828659058,0,0.0,0.0,0.0,0.0,0,overconfident,0.95,0,mild_drift,0.9499228515570374,0.0013004516601777339,0.39989013671252516,0.7600683593787376,1767764408.5503821,1.5458502769470215,0.07504814863204956
184,47104,47103,INSECTS_abrupt_balanced,insects_real,ts_drift_adapt_severity,2,error_divergence_ph_meta,or,2,0.5,,0.20855978260869565,0.044850162100187115,1.0,1.7448302507400513,0.017895951867103577,0,0.0,0.41666666666666663,0,0.0,0.0,0.0,0.0,0,overconfident,0.95,0,mild_drift,0.9499614257785187,0.001300225830088867,0.3999450683562626,0.7600341796893688,1767764408.5700817,2.377124309539795,0.0730115994811058
185,47360,47359,INSECTS_abrupt_balanced,insects_real,ts_drift_adapt_severity,2,error_divergence_ph_meta,or,2,0.5,,0.20743243243243242,0.04377803454704084,1.0,1.7421330213546753,0.01745697855949402,0,0.0,0.0004389733076095581,0,0.0,0.0,0.0,0.0,0,overconfident,0.95,0,mild_drift,0.9499807128892593,0.0013001129150444334,0.3999725341781313,0.7600170898446844,1767764408.5852044,2.609696626663208,0.07147838920354843
186,47616,47615,INSECTS_abrupt_balanced,insects_real,ts_drift_adapt_severity,2,error_divergence_ph_meta,or,2,0.5,,0.20631720430107528,0.04269822507025246,1.0,1.7386096715927124,0.015342473052442074,0,0.0,0.0021145055070519447,0,0.0,0.0,0.0,0.0,0,overconfident,0.95,0,mild_drift,0.9499903564446297,0.0013000564575222167,0.39998626708906565,0.7600085449223422,1767764408.6039708,2.408837080001831,0.06263850629329681
187,47872,47871,INSECTS_abrupt_balanced,insects_real,ts_drift_adapt_severity,2,error_divergence_ph_meta,or,2,0.5,,0.2052139037433155,0.04164913445262347,1.0,1.735493779182434,0.012978487648069859,0,0.0,0.0023639854043722153,0,0.0,0.0,0.0,0.0,0,overconfident,0.95,0,mild_drift,0.9499951782223148,0.0013000282287611085,0.3999931335445328,0.7600042724611711,1767764408.615615,2.5253918170928955,0.052614953368902206
188,48128,48127,INSECTS_abrupt_balanced,insects_real,ts_drift_adapt_severity,2,error_divergence_ph_meta,or,2,0.5,,0.20412234042553193,0.040626359776678646,1.0,1.73170006275177,0.010321509093046188,0,0.0,0.00265697855502367,0,0.0,0.0,0.0,0.0,0,overconfident,0.95,0,mild_drift,0.9499975891111574,0.0013000141143805545,0.3999965667722664,0.7600021362305855,1767764408.6272018,2.522287607192993,0.04166324436664581
189,48384,48383,INSECTS_abrupt_balanced,insects_real,ts_drift_adapt_severity,2,error_divergence_ph_meta,or,2,0.5,,0.20304232804232805,0.039607161977475706,1.0,1.7295681238174438,0.007982238195836544,0,0.0,0.0023392708972096443,0,0.0,0.0,0.0,0.0,0,overconfident,0.95,0,mild_drift,0.9499987945555787,0.0013000070571902774,0.3999982833861332,0.7600010681152928,1767764408.6383119,2.2487635612487793,0.03214576095342636
190,48640,48639,INSECTS_abrupt_balanced,insects_real,ts_drift_adapt_severity,2,error_divergence_ph_meta,or,2,0.5,,0.2019736842105263,0.038622416943805055,1.0,1.7266788482666016,0.005703209899365902,0,0.0,0.002279028296470642,0,0.0,0.0,0.0,0.0,0,overconfident,0.95,0,mild_drift,0.9499993972777894,0.0013000035285951387,0.3999991416930666,0.7600005340576463,1767764408.650156,2.358818769454956,0.022839760407805443
191,48896,48895,INSECTS_abrupt_balanced,insects_real,ts_drift_adapt_severity,2,error_divergence_ph_meta,or,2,0.5,,0.20091623036649214,0.03765148661977453,1.0,1.7256677150726318,0.004200928844511509,0,0.0,0.001502281054854393,0,0.0,0.0,0.0,0.0,0,overconfident,0.95,0,mild_drift,0.9499996986388947,0.0013000017642975695,0.3999995708465333,0.7600002670288232,1767764408.6615353,2.312896966934204,0.01675848290324211
192,49152,49151,INSECTS_abrupt_balanced,insects_real,ts_drift_adapt_severity,2,error_divergence_ph_meta,or,2,0.5,,0.19986979166666666,0.03669712456783688,1.0,1.7246202230453491,0.003244824009016156,0,0.0,0.0009561048354953527,0,0.0,0.0,0.0,0.0,0,overconfident,0.95,0,mild_drift,0.9499998493194473,0.001300000882148785,0.39999978542326664,0.7600001335144115,1767764408.672542,2.2167463302612305,0.012928923591971397
193,49408,49407,INSECTS_abrupt_balanced,insects_real,ts_drift_adapt_severity,2,error_divergence_ph_meta,or,2,0.5,,0.19883419689119172,0.03577349328259071,1.0,1.724597454071045,0.0028363189194351435,0,0.0,0.0004085050895810127,0,0.0,0.0,0.0,0.0,0,overconfident,0.95,0,mild_drift,0.9499999246597236,0.0013000004410743927,0.39999989271163333,0.7600000667572058,1767764408.683464,2.240410089492798,0.011342699639499187
194,49664,49663,INSECTS_abrupt_balanced,insects_real,ts_drift_adapt_severity,2,error_divergence_ph_meta,or,2,0.5,,0.1978294136597938,0.03489595943310708,1.0,1.7280453443527222,0.002970767207443714,0,0.0,0.00013444828800857067,0,0.0,0.0,0.0,0.0,0,overconfident,0.95,0,mild_drift,0.9499999623298618,0.0013000002205371965,0.3999999463558167,0.7600000333786029,1767764408.6952624,2.0518901348114014,0.011852740310132504
195,49920,49919,INSECTS_abrupt_balanced,insects_real,ts_drift_adapt_severity,2,error_divergence_ph_meta,or,2,0.5,,0.19685496794871796,0.034058474325574094,1.0,1.7277230024337769,0.0037375008687376976,0,0.0,0.0007667336612939835,0,0.0,0.0,0.0,0.0,0,overconfident,0.95,0,mild_drift,0.9499999811649309,0.0013000001102685984,0.39999997317790836,0.7600000166893015,1767764408.7063115,2.045799493789673,0.014871231280267239
196,50176,50175,INSECTS_abrupt_balanced,insects_real,ts_drift_adapt_severity,2,error_divergence_ph_meta,or,2,0.5,,0.19618941326530612,0.03358047695999415,1.0,1.7317520380020142,0.004540844354778528,0,0.0,0.0008033434860408306,0,0.0,0.0,0.0,0.0,0,overconfident,0.95,0,stable,0.9699999905824654,0.0010500000551342992,0.4499999865889542,0.8000000083446508,1767764408.7174232,1.9410489797592163,0.018029063940048218
197,50432,50431,INSECTS_abrupt_balanced,insects_real,ts_drift_adapt_severity,2,error_divergence_ph_meta,or,2,0.5,,0.19570907360406092,0.03334102321768642,0.9166666666666666,1.7316272258758545,0.006060923915356398,0,0.0,0.08333333333333337,0,0.0,0.0,0.0,0.0,0,overconfident,0.95,0,stable,0.9799999952912327,0.0009250000275671496,0.47499999329447706,0.8200000041723254,1767764408.7297964,1.8941859006881714,0.02402046136558056
198,50688,50687,INSECTS_abrupt_balanced,insects_real,ts_drift_adapt_severity,2,error_divergence_ph_meta,or,2,0.5,,0.19521385732323232,0.03310393642655936,1.0,1.7344647645950317,0.007564986124634743,0,0.0,0.08333333333333337,0,0.0,0.0,0.0,0.0,0,overconfident,0.95,0,stable,0.9849999976456163,0.0008625000137835747,0.48749999664723853,0.8300000020861628,1767764408.7408314,1.8938097953796387,0.02991493046283722
199,50944,50943,INSECTS_abrupt_balanced,insects_real,ts_drift_adapt_severity,2,error_divergence_ph_meta,or,2,0.5,,0.19493954145728642,0.033127794937560684,0.9166666666666666,1.7378779649734497,0.008551265113055706,0,0.0,0.08333333333333337,0,0.0,0.0,0.0,0.0,0,overconfident,0.95,0,stable,0.9874999988228081,0.0008312500068917874,0.49374999832361927,0.8350000010430814,1767764408.751802,1.7723093032836914,0.0337689034640789
200,51200,51199,INSECTS_abrupt_balanced,insects_real,ts_drift_adapt_severity,2,error_divergence_ph_meta,or,2,0.5,,0.19515625,0.03373724641521268,0.75,1.7373827695846558,0.010657298378646374,1,0.08333333333333337,0.16666666666666663,1,0.5,-0.0004200122118918942,0.0,0.0,0,overconfident,0.95,0,mild_drift,0.968749999411404,0.001065625003445894,0.4468749991618096,0.7975000005215407,1767764408.76285,1.7730960845947266,0.04214654862880707
201,51456,51455,INSECTS_abrupt_balanced,insects_real,ts_drift_adapt_severity,2,error_divergence_ph_meta,or,2,0.5,,0.19599269278606965,0.035082283525457676,0.5833333333333334,1.74073326587677,0.012006192468106747,0,0.0,0.16666666666666663,0,0.0,0.0,0.0,0.0,0,overconfident,0.95,0,mild_drift,0.959374999705702,0.0011828125017229471,0.4234374995809048,0.7787500002607703,1767764408.7739456,1.6917468309402466,0.04761138930916786
202,51712,51711,INSECTS_abrupt_balanced,insects_real,ts_drift_adapt_severity,2,error_divergence_ph_meta,or,2,0.5,,0.19716893564356436,0.03681952833001132,0.6666666666666666,1.7422915697097778,0.013594686053693295,0,0.0,0.08333333333333326,0,0.0,0.0,0.0,0.0,0,overconfident,0.95,0,mild_drift,0.954687499852851,0.0012414062508614735,0.4117187497904524,0.7693750001303852,1767764408.7852283,1.7118862867355347,0.05373856797814369
203,51968,51967,INSECTS_abrupt_balanced,insects_real,ts_drift_adapt_severity,2,error_divergence_ph_meta,or,2,0.5,,0.1984105603448276,0.03862659065698713,0.6666666666666666,1.7450544834136963,0.015168987214565277,0,0.0,0.0015743011608719826,0,0.0,0.0,0.0,0.0,0,overconfident,0.95,0,mild_drift,0.9523437499264255,0.0012707031254307367,0.4058593748952262,0.7646875000651926,1767764408.7968597,1.6678022146224976,0.06018828600645065
204,52224,52223,INSECTS_abrupt_balanced,insects_real,ts_drift_adapt_severity,2,error_divergence_ph_meta,or,2,0.5,,0.19803155637254902,0.03808779200459968,1.0,1.7503153085708618,0.01716609299182892,0,0.0,0.33333333333333337,0,0.0,0.0,0.0,0.0,0,overconfident,0.95,0,mild_drift,0.9511718749632128,0.0012853515627153683,0.40292968744761315,0.7623437500325962,1767764408.8079484,1.8910274505615234,0.06833599507808685
205,52480,52479,INSECTS_abrupt_balanced,insects_real,ts_drift_adapt_severity,2,error_divergence_ph_meta,or,2,0.5,,0.19712271341463414,0.036803474484740535,1.0,1.75420343875885,0.01797601766884327,0,0.0,0.0008099246770143509,0,0.0,0.0,0.0,0.0,0,overconfident,0.95,0,mild_drift,0.9505859374816064,0.0012926757813576844,0.4014648437238066,0.7611718750162981,1767764408.8212934,1.8671156167984009,0.07188624888658524
206,52736,52735,INSECTS_abrupt_balanced,insects_real,ts_drift_adapt_severity,2,error_divergence_ph_meta,or,2,0.5,,0.19616580703883496,0.03547302088831094,1.0,1.759848952293396,0.018942231312394142,0,0.0,0.0009662136435508728,0,0.0,0.0,0.0,0.0,0,overconfident,0.95,0,mild_drift,0.9502929687408032,0.0012963378906788421,0.4007324218619033,0.7605859375081491,1767764408.8342783,1.8436164855957031,0.07622091472148895
207,52847,52846,INSECTS_abrupt_balanced,insects_real,ts_drift_adapt_severity,2,error_divergence_ph_meta,or,2,0.5,,0.19577270232936592,0.034926061058822476,1.0,1.761812448501587,0.018602943047881126,0,0.0,0.00033928826451301575,0,0.0,0.0,0.0,0.0,0,overconfident,0.95,0,mild_drift,0.9501464843704015,0.001298168945339421,0.40036621093095165,0.7602929687540745,1767764408.8455665,1.7921974658966064,0.07551643252372742
